timestamp,temp,hum,gaz,gaz_base
2026-10-07 00:00:00,27.22,44.13,348,350
2026-10-07 00:00:02,27.16,44.27,347,350
2026-10-07 00:00:04,27.11,44.4,347,350
2026-10-07 00:00:06,27.09,44.47,346,350
2026-10-07 00:00:08,27.02,44.6,345,350
2026-10-07 00:00:10,26.98,44.74,343,350
2026-10-07 00:00:12,26.95,44.73,342,350
2026-10-07 00:00:14,26.92,44.83,344,350
2026-10-07 00:00:16,26.9,44.9,342,350
2026-10-07 00:00:18,28.77,43.81,330,350
2026-10-07 00:00:20,29.12,41.85,330,350
2026-10-07 00:00:22,29.31,40.62,343,350
2026-10-07 00:00:24,29.48,40.03,347,350
2026-10-07 00:00:26,29.58,39.64,348,350
2026-10-07 00:00:28,29.67,39.32,348,350
2026-10-07 00:00:30,29.74,39.09,347,350
2026-10-07 00:00:32,29.8,38.92,347,350
2026-10-07 00:00:34,29.85,38.75,346,350
2026-10-07 00:00:36,29.92,38.71,347,350
2026-10-07 00:00:38,29.94,38.61,343,350
2026-10-07 00:00:40,30.0,38.5,343,350
2026-10-07 00:00:42,30.04,38.45,344,350
2026-10-07 00:00:44,30.06,38.38,346,350
2026-10-07 00:00:46,30.1,38.29,347,350
2026-10-07 00:00:48,28.21,39.31,351,350
2026-10-07 00:00:50,27.85,41.1,351,350
2026-10-07 00:00:52,27.64,42.2,352,350
2026-10-07 00:00:54,27.49,42.91,351,350
2026-10-07 00:00:56,27.36,43.37,351,350
2026-10-07 00:00:58,27.25,43.75,351,350
2026-10-07 00:01:00,27.18,44.05,351,350
2026-10-07 00:01:02,27.11,44.22,351,350
2026-10-07 00:01:04,27.06,44.36,350,350
2026-10-07 00:01:06,26.99,44.47,347,350
2026-10-07 00:01:08,26.96,44.61,347,350
2026-10-07 00:01:10,26.92,44.73,348,350
2026-10-07 00:01:12,26.88,44.82,346,350
2026-10-07 00:01:14,26.85,44.91,347,350
2026-10-07 00:01:16,26.81,45.0,347,350
2026-10-07 00:01:18,28.7,43.94,343,350
2026-10-07 00:01:20,29.04,42.06,345,350
2026-10-07 00:01:22,29.22,40.91,346,350
2026-10-07 00:01:24,29.37,40.29,348,350
2026-10-07 00:01:26,29.49,39.93,348,350
2026-10-07 00:01:28,29.55,39.63,350,350
2026-10-07 00:01:30,29.63,39.45,350,350
2026-10-07 00:01:32,29.69,39.26,349,350
2026-10-07 00:01:34,29.76,39.13,349,350
2026-10-07 00:01:36,29.8,38.99,348,350
2026-10-07 00:01:38,29.86,38.89,346,350
2026-10-07 00:01:40,29.92,38.77,348,350
2026-10-07 00:01:42,29.94,38.76,342,350
2026-10-07 00:01:44,29.96,38.66,339,350
2026-10-07 00:01:46,30.01,38.57,342,350
2026-10-07 00:01:48,28.17,39.62,348,350
2026-10-07 00:01:50,27.78,41.29,349,350
2026-10-07 00:01:52,27.57,42.52,347,350
2026-10-07 00:01:54,27.43,43.19,348,350
2026-10-07 00:01:56,27.29,43.68,351,350
2026-10-07 00:01:58,27.23,44.05,351,350
2026-10-07 00:02:00,27.15,44.26,352,350
2026-10-07 00:02:02,27.09,44.49,350,350
2026-10-07 00:02:04,27.01,44.64,351,350
2026-10-07 00:02:06,26.98,44.79,350,350
2026-10-07 00:02:08,26.9,44.89,349,350
2026-10-07 00:02:10,26.87,45.05,348,350
2026-10-07 00:02:12,26.83,45.13,347,350
2026-10-07 00:02:14,26.8,45.21,349,350
2026-10-07 00:02:16,26.77,45.27,350,350
2026-10-07 00:02:18,28.63,44.2,346,350
2026-10-07 00:02:20,29.01,42.33,345,350
2026-10-07 00:02:22,29.16,41.17,347,350
2026-10-07 00:02:24,29.35,40.48,347,350
2026-10-07 00:02:26,29.46,40.1,349,350
2026-10-07 00:02:28,29.53,39.83,349,350
2026-10-07 00:02:30,29.61,39.57,350,350
2026-10-07 00:02:32,29.66,39.41,351,350
2026-10-07 00:02:34,29.73,39.32,351,350
2026-10-07 00:02:36,29.79,39.21,350,350
2026-10-07 00:02:38,29.8,39.12,350,350
2026-10-07 00:02:40,29.85,39.05,351,350
2026-10-07 00:02:42,29.88,38.98,351,350
2026-10-07 00:02:44,29.92,38.92,351,350
2026-10-07 00:02:46,29.93,38.87,349,350
2026-10-07 00:02:48,28.08,39.87,351,350
2026-10-07 00:02:50,27.71,41.69,352,350
2026-10-07 00:02:52,27.52,42.79,352,350
2026-10-07 00:02:54,27.38,43.51,349,350
2026-10-07 00:02:56,27.27,44.0,349,350
2026-10-07 00:02:58,27.16,44.33,348,350
2026-10-07 00:03:00,27.09,44.56,347,350
2026-10-07 00:03:02,27.02,44.79,347,350
2026-10-07 00:03:04,26.92,44.98,348,350
2026-10-07 00:03:06,26.91,45.1,347,350
2026-10-07 00:03:08,26.87,45.24,346,350
2026-10-07 00:03:10,26.83,45.32,346,350
2026-10-07 00:03:12,26.78,45.48,349,350
2026-10-07 00:03:14,26.74,45.57,350,350
2026-10-07 00:03:16,26.72,45.66,351,350
2026-10-07 00:03:18,28.57,44.61,350,350
2026-10-07 00:03:20,28.94,42.71,352,350
2026-10-07 00:03:22,29.14,41.52,353,350
2026-10-07 00:03:24,29.25,40.91,351,350
2026-10-07 00:03:26,29.35,40.47,352,350
2026-10-07 00:03:28,29.46,40.18,351,350
2026-10-07 00:03:30,29.55,39.94,349,350
2026-10-07 00:03:32,29.61,39.72,350,350
2026-10-07 00:03:34,29.65,39.61,350,350
2026-10-07 00:03:36,29.72,39.46,350,350
2026-10-07 00:03:38,29.74,39.33,350,350
2026-10-07 00:03:40,29.77,39.27,349,350
2026-10-07 00:03:42,29.82,39.22,349,350
2026-10-07 00:03:44,29.82,39.17,350,350
2026-10-07 00:03:46,29.86,39.18,351,350
2026-10-07 00:03:48,27.98,40.17,353,350
2026-10-07 00:03:50,27.61,42.0,352,350
2026-10-07 00:03:52,27.43,43.19,352,350
2026-10-07 00:03:54,27.27,43.9,351,350
2026-10-07 00:03:56,27.18,44.31,350,350
2026-10-07 00:03:58,27.05,44.61,351,350
2026-10-07 00:04:00,26.96,44.9,350,350
2026-10-07 00:04:02,26.94,45.11,350,350
2026-10-07 00:04:04,26.84,45.29,350,350
2026-10-07 00:04:06,26.81,45.42,352,350
2026-10-07 00:04:08,26.77,45.54,350,350
2026-10-07 00:04:10,26.72,45.64,350,350
2026-10-07 00:04:12,26.68,45.75,349,350
2026-10-07 00:04:14,26.64,45.82,348,350
2026-10-07 00:04:16,26.63,45.91,348,350
2026-10-07 00:04:18,28.5,44.79,345,350
2026-10-07 00:04:20,28.84,42.91,345,350
2026-10-07 00:04:22,29.03,41.74,348,350
2026-10-07 00:04:24,29.15,41.08,350,350
2026-10-07 00:04:26,29.28,40.62,350,350
2026-10-07 00:04:28,29.37,40.36,349,350
2026-10-07 00:04:30,29.46,40.17,348,350
2026-10-07 00:04:32,29.52,39.97,347,350
2026-10-07 00:04:34,29.59,39.81,343,350
2026-10-07 00:04:36,29.62,39.69,342,350
2026-10-07 00:04:38,29.69,39.57,347,350
2026-10-07 00:04:40,29.7,39.54,347,350
2026-10-07 00:04:42,29.74,39.43,348,350
2026-10-07 00:04:44,29.77,39.32,348,350
2026-10-07 00:04:46,29.8,39.35,348,350
2026-10-07 00:04:48,27.91,40.4,349,350
2026-10-07 00:04:50,27.59,42.23,350,350
2026-10-07 00:04:52,27.36,43.32,348,350
2026-10-07 00:04:54,27.22,44.06,348,350
2026-10-07 00:04:56,27.12,44.49,348,350
2026-10-07 00:04:58,27.01,44.79,349,350
2026-10-07 00:05:00,26.95,45.06,348,350
2026-10-07 00:05:02,26.85,45.27,349,350
2026-10-07 00:05:04,26.8,45.41,348,350
2026-10-07 00:05:06,26.77,45.56,345,350
2026-10-07 00:05:08,26.69,45.69,350,350
2026-10-07 00:05:10,26.68,45.82,350,350
2026-10-07 00:05:12,26.63,45.97,350,350
2026-10-07 00:05:14,26.61,46.02,351,350
2026-10-07 00:05:16,26.58,46.08,349,350
2026-10-07 00:05:18,28.45,45.05,346,350
2026-10-07 00:05:20,28.77,43.13,349,350
2026-10-07 00:05:22,29.01,41.88,352,350
2026-10-07 00:05:24,29.12,41.24,353,350
2026-10-07 00:05:26,29.24,40.82,352,350
2026-10-07 00:05:28,29.31,40.54,351,350
2026-10-07 00:05:30,29.37,40.33,350,350
2026-10-07 00:05:32,29.45,40.12,349,350
2026-10-07 00:05:34,29.53,40.0,349,350
2026-10-07 00:05:36,29.58,39.85,348,350
2026-10-07 00:05:38,29.59,39.77,348,350
2026-10-07 00:05:40,29.65,39.63,348,350
2026-10-07 00:05:42,29.7,39.57,349,350
2026-10-07 00:05:44,29.67,39.52,349,350
2026-10-07 00:05:46,29.73,39.51,349,350
2026-10-07 00:05:48,27.85,40.52,352,350
2026-10-07 00:05:50,27.49,42.4,351,350
2026-10-07 00:05:52,27.3,43.54,351,350
2026-10-07 00:05:54,27.16,44.18,350,350
2026-10-07 00:05:56,27.06,44.66,350,350
2026-10-07 00:05:58,26.94,44.97,351,350
2026-10-07 00:06:00,26.88,45.23,348,350
2026-10-07 00:06:02,26.8,45.42,349,350
2026-10-07 00:06:04,26.75,45.61,349,350
2026-10-07 00:06:06,26.68,45.75,348,350
2026-10-07 00:06:08,26.63,45.86,348,350
2026-10-07 00:06:10,26.6,45.96,349,350
2026-10-07 00:06:12,26.56,46.09,350,350
2026-10-07 00:06:14,26.53,46.2,350,350
2026-10-07 00:06:16,26.51,46.27,350,350
2026-10-07 00:06:18,28.35,45.17,345,350
2026-10-07 00:06:20,28.7,43.29,346,350
2026-10-07 00:06:22,28.93,42.11,347,350
2026-10-07 00:06:24,29.05,41.38,348,350
2026-10-07 00:06:26,29.18,40.97,350,350
2026-10-07 00:06:28,29.27,40.65,351,350
2026-10-07 00:06:30,29.32,40.48,351,350
2026-10-07 00:06:32,29.39,40.31,352,350
2026-10-07 00:06:34,29.45,40.21,352,350
2026-10-07 00:06:36,29.49,40.08,352,350
2026-10-07 00:06:38,29.53,39.94,352,350
2026-10-07 00:06:40,29.58,39.82,351,350
2026-10-07 00:06:42,29.61,39.84,351,350
2026-10-07 00:06:44,29.65,39.71,349,350
2026-10-07 00:06:46,29.63,39.69,351,350
2026-10-07 00:06:48,27.78,40.7,353,350
2026-10-07 00:06:50,27.43,42.5,353,350
2026-10-07 00:06:52,27.26,43.66,352,350
2026-10-07 00:06:54,27.11,44.36,351,350
2026-10-07 00:06:56,26.96,44.76,351,350
2026-10-07 00:06:58,26.9,45.12,352,350
2026-10-07 00:07:00,26.81,45.36,351,350
2026-10-07 00:07:02,26.74,45.55,351,350
2026-10-07 00:07:04,26.67,45.71,351,350
2026-10-07 00:07:06,26.63,45.86,351,350
2026-10-07 00:07:08,26.58,46.0,350,350
2026-10-07 00:07:10,26.53,46.12,350,350
2026-10-07 00:07:12,26.5,46.23,351,350
2026-10-07 00:07:14,26.48,46.27,351,350
2026-10-07 00:07:16,26.44,46.39,351,350
2026-10-07 00:07:18,28.29,45.33,350,350
2026-10-07 00:07:20,28.63,43.44,351,350
2026-10-07 00:07:22,28.82,42.27,350,350
2026-10-07 00:07:24,28.98,41.58,351,350
2026-10-07 00:07:26,29.11,41.11,351,350
2026-10-07 00:07:28,29.2,40.8,351,350
2026-10-07 00:07:30,29.27,40.6,350,350
2026-10-07 00:07:32,29.31,40.48,351,350
2026-10-07 00:07:34,29.39,40.27,351,350
2026-10-07 00:07:36,29.41,40.17,351,350
2026-10-07 00:07:38,29.45,40.06,351,350
2026-10-07 00:07:40,29.51,40.01,351,350
2026-10-07 00:07:42,29.55,39.87,352,350
2026-10-07 00:07:44,29.58,39.82,352,350
2026-10-07 00:07:46,29.59,39.72,352,350
2026-10-07 00:07:48,27.74,40.72,353,350
2026-10-07 00:07:50,27.38,42.59,353,350
2026-10-07 00:07:52,27.18,43.8,351,350
2026-10-07 00:07:54,27.04,44.49,351,350
2026-10-07 00:07:56,26.92,44.97,351,350
2026-10-07 00:07:58,26.84,45.23,351,350
2026-10-07 00:08:00,26.78,45.48,351,350
2026-10-07 00:08:02,26.69,45.63,351,350
2026-10-07 00:08:04,26.64,45.85,350,350
2026-10-07 00:08:06,26.56,46.0,351,350
2026-10-07 00:08:08,26.53,46.1,351,350
2026-10-07 00:08:10,26.51,46.25,351,350
2026-10-07 00:08:12,26.46,46.34,352,350
2026-10-07 00:08:14,26.41,46.43,352,350
2026-10-07 00:08:16,26.39,46.51,352,350
2026-10-07 00:08:18,28.27,45.42,351,350
2026-10-07 00:08:20,28.6,43.56,351,350
2026-10-07 00:08:22,28.79,42.35,352,350
2026-10-07 00:08:24,28.95,41.65,352,350
2026-10-07 00:08:26,29.08,41.22,353,350
2026-10-07 00:08:28,29.18,40.9,352,350
2026-10-07 00:08:30,29.22,40.66,351,350
2026-10-07 00:08:32,29.3,40.5,350,350
2026-10-07 00:08:34,29.32,40.37,351,350
2026-10-07 00:08:36,29.38,40.27,350,350
2026-10-07 00:08:38,29.41,40.19,350,350
2026-10-07 00:08:40,29.46,40.05,350,350
2026-10-07 00:08:42,29.51,39.98,352,350
2026-10-07 00:08:44,29.53,39.95,353,350
2026-10-07 00:08:46,29.55,39.89,354,350
2026-10-07 00:08:48,27.66,40.92,355,350
2026-10-07 00:08:50,27.33,42.77,355,350
2026-10-07 00:08:52,27.14,43.93,354,350
2026-10-07 00:08:54,26.98,44.58,353,350
2026-10-07 00:08:56,26.85,45.02,354,350
2026-10-07 00:08:58,26.8,45.39,355,350
2026-10-07 00:09:00,26.69,45.63,354,350
2026-10-07 00:09:02,26.64,45.82,353,350
2026-10-07 00:09:04,26.58,45.97,352,350
2026-10-07 00:09:06,26.54,46.12,352,350
2026-10-07 00:09:08,26.47,46.27,352,350
2026-10-07 00:09:10,26.46,46.36,351,350
2026-10-07 00:09:12,26.4,46.49,350,350
2026-10-07 00:09:14,26.35,46.57,351,350
2026-10-07 00:09:16,26.36,46.73,351,350
2026-10-07 00:09:18,28.21,45.61,350,350
2026-10-07 00:09:20,28.57,43.68,350,350
2026-10-07 00:09:22,28.73,42.47,350,350
2026-10-07 00:09:24,28.88,41.76,350,350
2026-10-07 00:09:26,29.01,41.32,350,350
2026-10-07 00:09:28,29.11,40.99,350,350
2026-10-07 00:09:30,29.18,40.8,351,350
2026-10-07 00:09:32,29.24,40.59,351,350
2026-10-07 00:09:34,29.32,40.46,350,350
2026-10-07 00:09:36,29.35,40.31,350,350
2026-10-07 00:09:38,29.41,40.23,351,350
2026-10-07 00:09:40,29.42,40.14,350,350
2026-10-07 00:09:42,29.46,40.1,350,350
2026-10-07 00:09:44,29.46,39.94,350,350
2026-10-07 00:09:46,29.52,39.94,350,350
2026-10-07 00:09:48,27.64,41.01,352,350
2026-10-07 00:09:50,27.27,42.82,353,350
2026-10-07 00:09:52,27.08,44.04,353,350
2026-10-07 00:09:54,26.94,44.67,352,350
2026-10-07 00:09:56,26.84,45.15,353,350
2026-10-07 00:09:58,26.72,45.53,353,350
2026-10-07 00:10:00,26.63,45.82,354,350
2026-10-07 00:10:02,26.56,45.97,353,350
2026-10-07 00:10:04,26.51,46.13,353,350
2026-10-07 00:10:06,26.46,46.29,352,350
2026-10-07 00:10:08,26.41,46.43,352,350
2026-10-07 00:10:10,26.39,46.53,351,350
2026-10-07 00:10:12,26.37,46.59,352,350
2026-10-07 00:10:14,26.35,46.71,351,350
2026-10-07 00:10:16,26.27,46.8,351,350
2026-10-07 00:10:18,28.15,45.69,347,350
2026-10-07 00:10:20,28.52,43.82,350,350
2026-10-07 00:10:22,28.69,42.62,350,350
2026-10-07 00:10:24,28.86,41.86,351,350
2026-10-07 00:10:26,28.94,41.47,350,350
2026-10-07 00:10:28,29.04,41.15,351,350
2026-10-07 00:10:30,29.12,40.95,350,350
2026-10-07 00:10:32,29.2,40.76,351,350
2026-10-07 00:10:34,29.24,40.62,350,350
2026-10-07 00:10:36,29.3,40.5,349,350
2026-10-07 00:10:38,29.34,40.4,350,350
2026-10-07 00:10:40,29.37,40.28,349,350
2026-10-07 00:10:42,29.41,40.17,349,350
2026-10-07 00:10:44,29.43,40.15,349,350
2026-10-07 00:10:46,29.48,40.03,350,350
2026-10-07 00:10:48,27.59,41.12,351,350
2026-10-07 00:10:50,27.25,42.96,351,350
2026-10-07 00:10:52,27.06,44.09,350,350
2026-10-07 00:10:54,26.91,44.8,350,350
2026-10-07 00:10:56,26.78,45.25,351,350
2026-10-07 00:10:58,26.69,45.59,352,350
2026-10-07 00:11:00,26.63,45.88,352,350
2026-10-07 00:11:02,26.54,46.09,351,350
2026-10-07 00:11:04,26.47,46.27,352,350
2026-10-07 00:11:06,26.43,46.41,352,350
2026-10-07 00:11:08,26.39,46.5,352,350
2026-10-07 00:11:10,26.35,46.63,352,350
2026-10-07 00:11:12,26.32,46.72,352,350
2026-10-07 00:11:14,26.27,46.79,353,350
2026-10-07 00:11:16,26.26,46.95,353,350
2026-10-07 00:11:18,28.11,45.82,351,350
2026-10-07 00:11:20,28.45,43.95,351,350
2026-10-07 00:11:22,28.66,42.76,352,350
2026-10-07 00:11:24,28.83,41.99,352,350
2026-10-07 00:11:26,28.91,41.53,352,350
2026-10-07 00:11:28,29.01,41.24,352,350
2026-10-07 00:11:30,29.05,40.98,352,350
2026-10-07 00:11:32,29.14,40.84,353,350
2026-10-07 00:11:34,29.16,40.71,353,350
2026-10-07 00:11:36,29.22,40.59,353,350
2026-10-07 00:11:38,29.28,40.46,352,350
2026-10-07 00:11:40,29.3,40.41,353,350
2026-10-07 00:11:42,29.38,40.35,353,350
2026-10-07 00:11:44,29.41,40.21,352,350
2026-10-07 00:11:46,29.42,40.14,352,350
2026-10-07 00:11:48,27.56,41.19,353,350
2026-10-07 00:11:50,27.19,43.03,354,350
2026-10-07 00:11:52,26.99,44.21,353,350
2026-10-07 00:11:54,26.88,44.89,353,350
2026-10-07 00:11:56,26.75,45.33,353,350
2026-10-07 00:11:58,26.65,45.65,353,350
2026-10-07 00:12:00,26.57,45.93,352,350
2026-10-07 00:12:02,26.51,46.17,352,350
2026-10-07 00:12:04,26.46,46.32,352,350
2026-10-07 00:12:06,26.41,46.48,351,350
2026-10-07 00:12:08,26.37,46.61,351,350
2026-10-07 00:12:10,26.33,46.71,352,350
2026-10-07 00:12:12,26.27,46.81,352,350
2026-10-07 00:12:14,26.23,46.92,353,350
2026-10-07 00:12:16,26.23,47.0,351,350
2026-10-07 00:12:18,28.07,45.91,348,350
2026-10-07 00:12:20,28.43,44.0,351,350
2026-10-07 00:12:22,28.62,42.77,351,350
2026-10-07 00:12:24,28.77,42.05,351,350
2026-10-07 00:12:26,28.9,41.58,350,350
2026-10-07 00:12:28,28.98,41.26,351,350
2026-10-07 00:12:30,29.04,41.05,350,350
2026-10-07 00:12:32,29.08,40.86,351,350
2026-10-07 00:12:34,29.18,40.72,351,350
2026-10-07 00:12:36,29.2,40.66,353,350
2026-10-07 00:12:38,29.25,40.55,351,350
2026-10-07 00:12:40,29.3,40.5,352,350
2026-10-07 00:12:42,29.32,40.37,352,350
2026-10-07 00:12:44,29.35,40.33,353,350
2026-10-07 00:12:46,29.39,40.23,352,350
2026-10-07 00:12:48,27.52,41.24,353,350
2026-10-07 00:12:50,27.16,43.12,353,350
2026-10-07 00:12:52,26.95,44.27,353,350
2026-10-07 00:12:54,26.83,44.93,353,350
2026-10-07 00:12:56,26.71,45.46,354,350
2026-10-07 00:12:58,26.61,45.79,354,350
2026-10-07 00:13:00,26.53,46.05,354,350
2026-10-07 00:13:02,26.44,46.26,353,350
2026-10-07 00:13:04,26.41,46.42,352,350
2026-10-07 00:13:06,26.35,46.55,352,350
2026-10-07 00:13:08,26.3,46.68,352,350
2026-10-07 00:13:10,26.29,46.77,353,350
2026-10-07 00:13:12,26.22,46.87,353,350
2026-10-07 00:13:14,26.19,46.96,353,350
2026-10-07 00:13:16,26.16,47.09,352,350
2026-10-07 00:13:18,28.04,45.99,349,350
2026-10-07 00:13:20,28.38,44.08,349,350
2026-10-07 00:13:22,28.57,42.84,351,350
2026-10-07 00:13:24,28.7,42.15,351,350
2026-10-07 00:13:26,28.84,41.67,351,350
2026-10-07 00:13:28,28.9,41.35,352,350
2026-10-07 00:13:30,28.97,41.15,352,350
2026-10-07 00:13:32,29.07,40.96,353,350
2026-10-07 00:13:34,29.12,40.82,353,350
2026-10-07 00:13:36,29.16,40.71,353,350
2026-10-07 00:13:38,29.22,40.63,352,350
2026-10-07 00:13:40,29.24,40.53,353,350
2026-10-07 00:13:42,29.28,40.43,352,350
2026-10-07 00:13:44,29.32,40.36,353,350
2026-10-07 00:13:46,29.37,40.29,353,350
2026-10-07 00:13:48,27.49,41.37,354,350
2026-10-07 00:13:50,27.12,43.19,354,350
2026-10-07 00:13:52,26.92,44.36,353,350
2026-10-07 00:13:54,26.78,45.07,353,350
2026-10-07 00:13:56,26.65,45.5,352,350
2026-10-07 00:13:58,26.57,45.84,352,350
2026-10-07 00:14:00,26.51,46.12,352,350
2026-10-07 00:14:02,26.43,46.33,353,350
2026-10-07 00:14:04,26.39,46.46,353,350
2026-10-07 00:14:06,26.33,46.62,353,350
2026-10-07 00:14:08,26.26,46.74,354,350
2026-10-07 00:14:10,26.23,46.88,354,350
2026-10-07 00:14:12,26.2,46.99,354,350
2026-10-07 00:14:14,26.15,47.05,354,350
2026-10-07 00:14:16,26.1,47.14,353,350
2026-10-07 00:14:18,28.02,46.07,351,350
2026-10-07 00:14:20,28.39,44.14,351,350
2026-10-07 00:14:22,28.53,42.94,352,350
2026-10-07 00:14:24,28.67,42.22,353,350
2026-10-07 00:14:26,28.77,41.79,352,350
2026-10-07 00:14:28,28.88,41.48,352,350
2026-10-07 00:14:30,28.98,41.2,352,350
2026-10-07 00:14:32,29.01,41.07,350,350
2026-10-07 00:14:34,29.1,40.86,352,350
2026-10-07 00:14:36,29.15,40.77,352,350
2026-10-07 00:14:38,29.2,40.66,352,350
2026-10-07 00:14:40,29.21,40.57,352,350
2026-10-07 00:14:42,29.24,40.49,352,350
2026-10-07 00:14:44,29.28,40.41,351,350
2026-10-07 00:14:46,29.31,40.34,352,350
2026-10-07 00:14:48,27.46,41.36,353,350
2026-10-07 00:14:50,27.09,43.22,353,350
2026-10-07 00:14:52,26.9,44.39,352,350
2026-10-07 00:14:54,26.75,45.05,352,350
2026-10-07 00:14:56,26.64,45.55,352,350
2026-10-07 00:14:58,26.56,45.86,353,350
2026-10-07 00:15:00,26.47,46.16,352,350
2026-10-07 00:15:02,26.39,46.35,352,350
2026-10-07 00:15:04,26.36,46.54,352,350
2026-10-07 00:15:06,26.3,46.69,352,350
2026-10-07 00:15:08,26.26,46.81,353,350
2026-10-07 00:15:10,26.2,46.94,353,350
2026-10-07 00:15:12,26.15,47.05,352,350
2026-10-07 00:15:14,26.12,47.13,352,350
2026-10-07 00:15:16,26.09,47.2,351,350
2026-10-07 00:15:18,27.97,46.18,350,350
2026-10-07 00:15:20,28.32,44.28,350,350
2026-10-07 00:15:22,28.49,43.04,350,350
2026-10-07 00:15:24,28.66,42.26,352,350
2026-10-07 00:15:26,28.79,41.84,352,350
2026-10-07 00:15:28,28.86,41.52,352,350
2026-10-07 00:15:30,28.93,41.34,352,350
2026-10-07 00:15:32,29.01,41.12,351,350
2026-10-07 00:15:34,29.05,40.98,351,350
2026-10-07 00:15:36,29.11,40.89,351,350
2026-10-07 00:15:38,29.15,40.76,350,350
2026-10-07 00:15:40,29.21,40.66,350,350
2026-10-07 00:15:42,29.24,40.56,351,350
2026-10-07 00:15:44,29.25,40.49,351,350
2026-10-07 00:15:46,29.28,40.42,350,350
2026-10-07 00:15:48,27.43,41.44,354,350
2026-10-07 00:15:50,27.09,43.29,354,350
2026-10-07 00:15:52,26.9,44.46,354,350
2026-10-07 00:15:54,26.71,45.1,354,350
2026-10-07 00:15:56,26.61,45.61,354,350
2026-10-07 00:15:58,26.51,45.95,353,350
2026-10-07 00:16:00,26.44,46.26,353,350
2026-10-07 00:16:02,26.39,46.41,353,350
2026-10-07 00:16:04,26.3,46.66,352,350
2026-10-07 00:16:06,26.26,46.78,353,350
2026-10-07 00:16:08,26.22,46.89,352,350
2026-10-07 00:16:10,26.18,46.98,353,350
2026-10-07 00:16:12,26.13,47.1,353,350
2026-10-07 00:16:14,26.1,47.19,352,350
2026-10-07 00:16:16,26.06,47.3,351,350
2026-10-07 00:16:18,27.95,46.2,351,350
2026-10-07 00:16:20,28.31,44.3,352,350
2026-10-07 00:16:22,28.49,43.09,352,350
2026-10-07 00:16:24,28.63,42.33,352,350
2026-10-07 00:16:26,28.73,41.88,352,350
2026-10-07 00:16:28,28.84,41.58,351,350
2026-10-07 00:16:30,28.91,41.28,352,350
2026-10-07 00:16:32,29.0,41.13,352,350
2026-10-07 00:16:34,29.04,41.03,351,350
2026-10-07 00:16:36,29.07,40.88,352,350
2026-10-07 00:16:38,29.12,40.81,352,350
2026-10-07 00:16:40,29.14,40.71,352,350
2026-10-07 00:16:42,29.2,40.64,352,350
2026-10-07 00:16:44,29.22,40.51,351,350
2026-10-07 00:16:46,29.24,40.46,351,350
2026-10-07 00:16:48,27.39,41.43,353,350
2026-10-07 00:16:50,27.05,43.35,352,350
2026-10-07 00:16:52,26.83,44.5,352,350
2026-10-07 00:16:54,26.68,45.2,351,350
2026-10-07 00:16:56,26.57,45.69,352,350
2026-10-07 00:16:58,26.48,46.01,351,350
2026-10-07 00:17:00,26.41,46.27,351,350
2026-10-07 00:17:02,26.35,46.52,352,350
2026-10-07 00:17:04,26.27,46.66,351,350
2026-10-07 00:17:06,26.23,46.86,352,350
2026-10-07 00:17:08,26.16,46.95,353,350
2026-10-07 00:17:10,26.15,47.07,353,350
2026-10-07 00:17:12,26.09,47.21,352,350
2026-10-07 00:17:14,26.06,47.3,352,350
2026-10-07 00:17:16,26.03,47.38,351,350
2026-10-07 00:17:18,27.91,46.3,350,350
2026-10-07 00:17:20,28.25,44.36,350,350
2026-10-07 00:17:22,28.45,43.14,352,350
2026-10-07 00:17:24,28.59,42.41,351,350
2026-10-07 00:17:26,28.7,41.95,350,350
2026-10-07 00:17:28,28.8,41.63,350,350
2026-10-07 00:17:30,28.88,41.42,351,350
2026-10-07 00:17:32,28.91,41.23,351,350
2026-10-07 00:17:34,29.0,41.07,351,350
2026-10-07 00:17:36,29.03,40.94,352,350
2026-10-07 00:17:38,29.08,40.88,352,350
2026-10-07 00:17:40,29.1,40.77,353,350
2026-10-07 00:17:42,29.15,40.73,352,350
2026-10-07 00:17:44,29.18,40.56,352,350
2026-10-07 00:17:46,29.2,40.57,353,350
2026-10-07 00:17:48,27.33,41.57,354,350
2026-10-07 00:17:50,26.98,43.5,354,350
2026-10-07 00:17:52,26.8,44.61,353,350
2026-10-07 00:17:54,26.63,45.31,353,350
2026-10-07 00:17:56,26.5,45.78,353,350
2026-10-07 00:17:58,26.44,46.15,353,350
2026-10-07 00:18:00,26.35,46.41,354,350
2026-10-07 00:18:02,26.29,46.61,354,350
2026-10-07 00:18:04,26.23,46.83,354,350
2026-10-07 00:18:06,26.16,46.96,354,350
2026-10-07 00:18:08,26.1,47.07,354,350
2026-10-07 00:18:10,26.08,47.19,354,350
2026-10-07 00:18:12,26.05,47.29,353,350
2026-10-07 00:18:14,26.02,47.42,354,350
2026-10-07 00:18:16,25.99,47.52,353,350
2026-10-07 00:18:18,27.87,46.36,353,350
2026-10-07 00:18:20,28.18,44.44,353,350
2026-10-07 00:18:22,28.42,43.24,354,350
2026-10-07 00:18:24,28.55,42.54,354,350
2026-10-07 00:18:26,28.65,42.04,353,350
2026-10-07 00:18:28,28.75,41.71,353,350
2026-10-07 00:18:30,28.83,41.48,353,350
2026-10-07 00:18:32,28.9,41.31,353,350
2026-10-07 00:18:34,28.98,41.16,353,350
2026-10-07 00:18:36,29.01,40.97,353,350
2026-10-07 00:18:38,29.04,40.92,353,350
2026-10-07 00:18:40,29.08,40.87,353,350
2026-10-07 00:18:42,29.11,40.72,354,350
2026-10-07 00:18:44,29.14,40.63,353,350
2026-10-07 00:18:46,29.2,40.59,353,350
2026-10-07 00:18:48,27.33,41.59,354,350
2026-10-07 00:18:50,26.98,43.45,354,350
2026-10-07 00:18:52,26.77,44.63,353,350
2026-10-07 00:18:54,26.61,45.32,353,350
2026-10-07 00:18:56,26.51,45.82,353,350
2026-10-07 00:18:58,26.41,46.17,353,350
2026-10-07 00:19:00,26.35,46.4,353,350
2026-10-07 00:19:02,26.29,46.59,353,350
2026-10-07 00:19:04,26.18,46.85,354,350
2026-10-07 00:19:06,26.16,46.96,354,350
2026-10-07 00:19:08,26.1,47.12,354,350
2026-10-07 00:19:10,26.06,47.28,354,350
2026-10-07 00:19:12,26.0,47.38,354,350
2026-10-07 00:19:14,25.99,47.47,354,350
2026-10-07 00:19:16,25.93,47.59,354,350
2026-10-07 00:19:18,27.82,46.44,353,350
2026-10-07 00:19:20,28.18,44.52,354,350
2026-10-07 00:19:22,28.33,43.3,354,350
2026-10-07 00:19:24,28.52,42.54,353,350
2026-10-07 00:19:26,28.63,42.09,354,350
2026-10-07 00:19:28,28.73,41.75,354,350
2026-10-07 00:19:30,28.79,41.57,353,350
2026-10-07 00:19:32,28.87,41.36,353,350
2026-10-07 00:19:34,28.93,41.19,353,350
2026-10-07 00:19:36,28.97,41.06,352,350
2026-10-07 00:19:38,29.01,40.95,352,350
2026-10-07 00:19:40,29.07,40.83,352,350
2026-10-07 00:19:42,29.1,40.79,352,350
2026-10-07 00:19:44,29.15,40.72,353,350
2026-10-07 00:19:46,29.16,40.63,352,350
2026-10-07 00:19:48,27.3,41.63,354,350
2026-10-07 00:19:50,26.92,43.55,354,350
2026-10-07 00:19:52,26.75,44.65,354,350
2026-10-07 00:19:54,26.58,45.38,354,350
2026-10-07 00:19:56,26.48,45.82,353,350
2026-10-07 00:19:58,26.4,46.14,353,350
2026-10-07 00:20:00,26.32,46.45,353,350
2026-10-07 00:20:02,26.26,46.63,353,350
2026-10-07 00:20:04,26.19,46.83,353,350
2026-10-07 00:20:06,26.13,46.97,353,350
2026-10-07 00:20:08,26.1,47.05,352,350
2026-10-07 00:20:10,26.06,47.21,352,350
2026-10-07 00:20:12,25.99,47.3,352,350
2026-10-07 00:20:14,25.98,47.45,351,350
2026-10-07 00:20:16,25.93,47.53,351,350
2026-10-07 00:20:18,27.81,46.39,350,350
2026-10-07 00:20:20,28.15,44.54,351,350
2026-10-07 00:20:22,28.35,43.27,351,350
2026-10-07 00:20:24,28.5,42.57,352,350
2026-10-07 00:20:26,28.6,42.13,351,350
2026-10-07 00:20:28,28.7,41.79,352,350
2026-10-07 00:20:30,28.79,41.53,352,350
2026-10-07 00:20:32,28.86,41.34,352,350
2026-10-07 00:20:34,28.9,41.22,352,350
2026-10-07 00:20:36,28.97,41.1,352,350
2026-10-07 00:20:38,29.03,40.99,351,350
2026-10-07 00:20:40,29.04,40.95,352,350
2026-10-07 00:20:42,29.1,40.79,352,350
2026-10-07 00:20:44,29.12,40.74,351,350
2026-10-07 00:20:46,29.15,40.65,351,350
2026-10-07 00:20:48,27.27,41.66,353,350
2026-10-07 00:20:50,26.91,43.51,352,350
2026-10-07 00:20:52,26.72,44.64,351,350
2026-10-07 00:20:54,26.58,45.36,352,350
2026-10-07 00:20:56,26.46,45.83,351,350
2026-10-07 00:20:58,26.37,46.18,352,350
2026-10-07 00:21:00,26.3,46.46,352,350
2026-10-07 00:21:02,26.2,46.7,351,350
2026-10-07 00:21:04,26.16,46.86,352,350
2026-10-07 00:21:06,26.13,46.99,353,350
2026-10-07 00:21:08,26.06,47.16,354,350
2026-10-07 00:21:10,25.99,47.21,353,350
2026-10-07 00:21:12,25.99,47.38,353,350
2026-10-07 00:21:14,25.95,47.49,353,350
2026-10-07 00:21:16,25.92,47.57,354,350
2026-10-07 00:21:18,27.78,46.46,353,350
2026-10-07 00:21:20,28.12,44.58,353,350
2026-10-07 00:21:22,28.33,43.4,353,350
2026-10-07 00:21:24,28.48,42.63,352,350
2026-10-07 00:21:26,28.59,42.18,352,350
2026-10-07 00:21:28,28.67,41.79,353,350
2026-10-07 00:21:30,28.75,41.6,353,350
2026-10-07 00:21:32,28.83,41.39,352,350
2026-10-07 00:21:34,28.9,41.25,351,350
2026-10-07 00:21:36,28.93,41.13,352,350
2026-10-07 00:21:38,28.98,41.08,351,350
2026-10-07 00:21:40,29.03,40.94,351,350
2026-10-07 00:21:42,29.05,40.84,351,350
2026-10-07 00:21:44,29.08,40.76,351,350
2026-10-07 00:21:46,29.12,40.69,351,350
2026-10-07 00:21:48,27.23,41.74,353,350
2026-10-07 00:21:50,26.88,43.61,352,350
2026-10-07 00:21:52,26.69,44.72,351,350
2026-10-07 00:21:54,26.53,45.44,350,350
2026-10-07 00:21:56,26.41,45.92,352,350
2026-10-07 00:21:58,26.35,46.26,352,350
2026-10-07 00:22:00,26.26,46.55,351,350
2026-10-07 00:22:02,26.19,46.76,351,350
2026-10-07 00:22:04,26.13,46.91,351,350
2026-10-07 00:22:06,26.08,47.1,352,350
2026-10-07 00:22:08,26.06,47.24,351,350
2026-10-07 00:22:10,26.0,47.32,352,350
2026-10-07 00:22:12,25.98,47.43,352,350
2026-10-07 00:22:14,25.92,47.57,352,350
2026-10-07 00:22:16,25.89,47.63,352,350
2026-10-07 00:22:18,27.76,46.56,351,350
2026-10-07 00:22:20,28.11,44.63,351,350
2026-10-07 00:22:22,28.32,43.42,351,350
2026-10-07 00:22:24,28.46,42.67,350,350
2026-10-07 00:22:26,28.57,42.16,351,350
2026-10-07 00:22:28,28.67,41.83,352,350
2026-10-07 00:22:30,28.73,41.55,352,350
2026-10-07 00:22:32,28.79,41.39,352,350
2026-10-07 00:22:34,28.86,41.24,352,350
2026-10-07 00:22:36,28.91,41.14,352,350
2026-10-07 00:22:38,28.97,41.03,351,350
2026-10-07 00:22:40,29.03,40.94,352,350
2026-10-07 00:22:42,29.05,40.84,351,350
2026-10-07 00:22:44,29.08,40.75,351,350
2026-10-07 00:22:46,29.08,40.75,352,350
2026-10-07 00:22:48,27.2,41.77,354,350
2026-10-07 00:22:50,26.88,43.64,353,350
2026-10-07 00:22:52,26.67,44.75,353,350
2026-10-07 00:22:54,26.53,45.44,353,350
2026-10-07 00:22:56,26.4,45.95,354,350
2026-10-07 00:22:58,26.33,46.3,353,350
2026-10-07 00:23:00,26.23,46.6,353,350
2026-10-07 00:23:02,26.18,46.78,353,350
2026-10-07 00:23:04,26.09,46.98,353,350
2026-10-07 00:23:06,26.06,47.08,353,350
2026-10-07 00:23:08,26.02,47.25,353,350
2026-10-07 00:23:10,25.98,47.38,353,350
2026-10-07 00:23:12,25.92,47.46,353,350
2026-10-07 00:23:14,25.92,47.57,353,350
2026-10-07 00:23:16,25.88,47.66,352,350
2026-10-07 00:23:18,27.74,46.61,351,350
2026-10-07 00:23:20,28.09,44.69,352,350
2026-10-07 00:23:22,28.31,43.46,353,350
2026-10-07 00:23:24,28.42,42.67,353,350
2026-10-07 00:23:26,28.55,42.19,353,350
2026-10-07 00:23:28,28.63,41.89,353,350
2026-10-07 00:23:30,28.72,41.65,353,350
2026-10-07 00:23:32,28.79,41.42,352,350
2026-10-07 00:23:34,28.88,41.26,351,350
2026-10-07 00:23:36,28.9,41.16,352,350
2026-10-07 00:23:38,28.94,41.06,350,350
2026-10-07 00:23:40,29.0,40.99,350,350
2026-10-07 00:23:42,29.05,40.89,350,350
2026-10-07 00:23:44,29.04,40.82,351,350
2026-10-07 00:23:46,29.08,40.8,351,350
2026-10-07 00:23:48,27.19,41.82,353,350
2026-10-07 00:23:50,26.85,43.75,353,350
2026-10-07 00:23:52,26.67,44.83,353,350
2026-10-07 00:23:54,26.54,45.51,352,350
2026-10-07 00:23:56,26.39,45.98,353,350
2026-10-07 00:23:58,26.29,46.42,353,350
2026-10-07 00:24:00,26.2,46.63,353,350
2026-10-07 00:24:02,26.15,46.85,353,350
2026-10-07 00:24:04,26.09,47.08,353,350
2026-10-07 00:24:06,26.02,47.2,352,350
2026-10-07 00:24:08,25.98,47.35,353,350
2026-10-07 00:24:10,25.98,47.45,352,350
2026-10-07 00:24:12,25.91,47.54,353,350
2026-10-07 00:24:14,25.89,47.64,352,350
2026-10-07 00:24:16,25.86,47.74,353,350
2026-10-07 00:24:18,27.74,46.68,352,350
2026-10-07 00:24:20,28.04,44.72,351,350
2026-10-07 00:24:22,28.28,43.55,351,350
2026-10-07 00:24:24,28.39,42.8,351,350
2026-10-07 00:24:26,28.53,42.33,352,350
2026-10-07 00:24:28,28.63,41.97,352,350
2026-10-07 00:24:30,28.7,41.76,352,350
2026-10-07 00:24:32,28.76,41.49,353,350
2026-10-07 00:24:34,28.83,41.36,353,350
2026-10-07 00:24:36,28.88,41.27,353,350
2026-10-07 00:24:38,28.93,41.14,352,350
2026-10-07 00:24:40,28.95,41.04,353,350
2026-10-07 00:24:42,28.97,40.99,353,350
2026-10-07 00:24:44,29.0,40.93,352,350
2026-10-07 00:24:46,29.05,40.81,351,350
2026-10-07 00:24:48,27.19,41.87,354,350
2026-10-07 00:24:50,26.84,43.69,353,350
2026-10-07 00:24:52,26.63,44.85,353,350
2026-10-07 00:24:54,26.5,45.61,352,350
2026-10-07 00:24:56,26.36,46.06,353,350
2026-10-07 00:24:58,26.29,46.43,352,350
2026-10-07 00:25:00,26.2,46.71,352,350
2026-10-07 00:25:02,26.13,46.92,353,350
2026-10-07 00:25:04,26.06,47.12,353,350
2026-10-07 00:25:06,26.0,47.23,354,350
2026-10-07 00:25:08,25.96,47.34,354,350
2026-10-07 00:25:10,25.96,47.45,355,350
2026-10-07 00:25:12,25.89,47.55,354,350
2026-10-07 00:25:14,25.88,47.69,354,350
2026-10-07 00:25:16,25.82,47.77,354,350
2026-10-07 00:25:18,27.7,46.68,353,350
2026-10-07 00:25:20,28.05,44.77,354,350
2026-10-07 00:25:22,28.25,43.56,354,350
2026-10-07 00:25:24,28.38,42.76,353,350
2026-10-07 00:25:26,28.48,42.35,353,350
2026-10-07 00:25:28,28.57,41.97,352,350
2026-10-07 00:25:30,28.65,41.72,353,350
2026-10-07 00:25:32,28.73,41.54,352,350
2026-10-07 00:25:34,28.8,41.42,352,350
2026-10-07 00:25:36,28.82,41.33,353,350
2026-10-07 00:25:38,28.87,41.2,353,350
2026-10-07 00:25:40,28.93,41.11,353,350
2026-10-07 00:25:42,28.95,41.01,353,350
2026-10-07 00:25:44,29.01,40.99,353,350
2026-10-07 00:25:46,29.03,40.84,352,350
2026-10-07 00:25:48,27.15,41.88,354,350
2026-10-07 00:25:50,26.8,43.81,353,350
2026-10-07 00:25:52,26.58,44.89,353,350
2026-10-07 00:25:54,26.46,45.61,353,350
2026-10-07 00:25:56,26.36,46.13,353,350
2026-10-07 00:25:58,26.27,46.45,353,350
2026-10-07 00:26:00,26.22,46.71,352,350
2026-10-07 00:26:02,26.12,46.91,353,350
2026-10-07 00:26:04,26.08,47.1,353,350
2026-10-07 00:26:06,26.02,47.25,353,350
2026-10-07 00:26:08,25.98,47.45,353,350
2026-10-07 00:26:10,25.93,47.54,353,350
2026-10-07 00:26:12,25.86,47.65,353,350
2026-10-07 00:26:14,25.85,47.79,353,350
2026-10-07 00:26:16,25.82,47.83,354,350
2026-10-07 00:26:18,27.69,46.71,352,350
2026-10-07 00:26:20,28.05,44.8,352,350
2026-10-07 00:26:22,28.24,43.64,353,350
2026-10-07 00:26:24,28.38,42.81,353,350
2026-10-07 00:26:26,28.52,42.4,353,350
2026-10-07 00:26:28,28.59,42.06,353,350
2026-10-07 00:26:30,28.66,41.78,352,350
2026-10-07 00:26:32,28.75,41.63,352,350
2026-10-07 00:26:34,28.79,41.45,353,350
2026-10-07 00:26:36,28.84,41.31,353,350
2026-10-07 00:26:38,28.87,41.22,352,350
2026-10-07 00:26:40,28.93,41.14,353,350
2026-10-07 00:26:42,28.94,41.06,353,350
2026-10-07 00:26:44,28.98,40.96,353,350
2026-10-07 00:26:46,29.0,40.9,354,350
2026-10-07 00:26:48,27.12,41.96,355,350
2026-10-07 00:26:50,26.78,43.86,354,350
2026-10-07 00:26:52,26.61,44.94,354,350
2026-10-07 00:26:54,26.46,45.69,354,350
2026-10-07 00:26:56,26.32,46.19,353,350
2026-10-07 00:26:58,26.25,46.51,353,350
2026-10-07 00:27:00,26.15,46.79,354,350
2026-10-07 00:27:02,26.09,47.03,354,350
2026-10-07 00:27:04,26.03,47.22,353,350
2026-10-07 00:27:06,25.98,47.36,353,350
2026-10-07 00:27:08,25.93,47.48,353,350
2026-10-07 00:27:10,25.88,47.6,353,350
2026-10-07 00:27:12,25.85,47.72,353,350
2026-10-07 00:27:14,25.82,47.8,354,350
2026-10-07 00:27:16,25.81,47.9,353,350
2026-10-07 00:27:18,27.69,46.78,352,350
2026-10-07 00:27:20,28.04,44.86,352,350
2026-10-07 00:27:22,28.22,43.68,352,350
2026-10-07 00:27:24,28.38,42.91,351,350
2026-10-07 00:27:26,28.48,42.44,352,350
2026-10-07 00:27:28,28.56,42.09,351,350
2026-10-07 00:27:30,28.63,41.83,352,350
2026-10-07 00:27:32,28.7,41.65,353,350
2026-10-07 00:27:34,28.77,41.54,353,350
2026-10-07 00:27:36,28.84,41.39,353,350
2026-10-07 00:27:38,28.86,41.29,352,350
2026-10-07 00:27:40,28.88,41.22,352,350
2026-10-07 00:27:42,28.93,41.12,351,350
2026-10-07 00:27:44,28.98,41.03,351,350
2026-10-07 00:27:46,29.01,40.98,351,350
2026-10-07 00:27:48,27.15,42.01,353,350
2026-10-07 00:27:50,26.78,43.89,353,350
2026-10-07 00:27:52,26.61,45.02,353,350
2026-10-07 00:27:54,26.41,45.72,353,350
2026-10-07 00:27:56,26.33,46.21,354,350
2026-10-07 00:27:58,26.23,46.57,353,350
2026-10-07 00:28:00,26.13,46.79,354,350
2026-10-07 00:28:02,26.1,47.02,353,350
2026-10-07 00:28:04,26.03,47.23,354,350
2026-10-07 00:28:06,25.95,47.38,354,350
2026-10-07 00:28:08,25.92,47.53,354,350
2026-10-07 00:28:10,25.91,47.61,355,350
2026-10-07 00:28:12,25.84,47.76,355,350
2026-10-07 00:28:14,25.82,47.87,354,350
2026-10-07 00:28:16,25.79,47.93,354,350
2026-10-07 00:28:18,27.64,46.87,353,350
2026-10-07 00:28:20,28.0,44.87,353,350
2026-10-07 00:28:22,28.19,43.71,354,350
2026-10-07 00:28:24,28.33,42.93,353,350
2026-10-07 00:28:26,28.46,42.47,354,350
2026-10-07 00:28:28,28.56,42.16,353,350
2026-10-07 00:28:30,28.63,41.93,353,350
2026-10-07 00:28:32,28.7,41.74,353,350
2026-10-07 00:28:34,28.77,41.58,353,350
2026-10-07 00:28:36,28.8,41.49,353,350
2026-10-07 00:28:38,28.87,41.34,353,350
2026-10-07 00:28:40,28.9,41.29,353,350
2026-10-07 00:28:42,28.93,41.14,353,350
2026-10-07 00:28:44,28.95,41.1,352,350
2026-10-07 00:28:46,28.98,41.03,353,350
2026-10-07 00:28:48,27.09,42.06,354,350
2026-10-07 00:28:50,26.77,43.91,354,350
2026-10-07 00:28:52,26.57,45.1,353,350
2026-10-07 00:28:54,26.43,45.75,352,350
2026-10-07 00:28:56,26.29,46.23,353,350
2026-10-07 00:28:58,26.2,46.6,353,350
2026-10-07 00:29:00,26.15,46.86,353,350
2026-10-07 00:29:02,26.08,47.07,353,350
2026-10-07 00:29:04,26.0,47.27,353,350
2026-10-07 00:29:06,25.95,47.46,354,350
2026-10-07 00:29:08,25.92,47.57,353,350
2026-10-07 00:29:10,25.88,47.71,354,350
2026-10-07 00:29:12,25.84,47.86,354,350
2026-10-07 00:29:14,25.81,47.92,353,350
2026-10-07 00:29:16,25.78,47.98,353,350
2026-10-07 00:29:18,27.64,46.91,352,350
2026-10-07 00:29:20,27.97,44.94,352,350
2026-10-07 00:29:22,28.24,43.78,352,350
2026-10-07 00:29:24,28.33,43.02,353,350
2026-10-07 00:29:26,28.45,42.52,353,350
2026-10-07 00:29:28,28.53,42.21,353,350
2026-10-07 00:29:30,28.59,41.96,353,350
2026-10-07 00:29:32,28.67,41.78,353,350
2026-10-07 00:29:34,28.75,41.65,353,350
2026-10-07 00:29:36,28.8,41.51,353,350
2026-10-07 00:29:38,28.83,41.39,353,350
2026-10-07 00:29:40,28.87,41.34,355,350
2026-10-07 00:29:42,28.88,41.23,354,350
2026-10-07 00:29:44,28.93,41.15,354,350
2026-10-07 00:29:46,28.94,41.09,355,350
2026-10-07 00:29:48,27.06,42.12,356,350
2026-10-07 00:29:50,26.72,43.99,356,350
2026-10-07 00:29:52,26.54,45.16,355,350
2026-10-07 00:29:54,26.39,45.85,355,350
2026-10-07 00:29:56,26.26,46.33,355,350
2026-10-07 00:29:58,26.16,46.72,355,350
2026-10-07 00:30:00,26.12,46.96,354,350
2026-10-07 00:30:02,26.03,47.17,355,350
2026-10-07 00:30:04,25.96,47.34,355,350
2026-10-07 00:30:06,25.93,47.5,356,350
2026-10-07 00:30:08,25.88,47.62,355,350
2026-10-07 00:30:10,25.84,47.77,355,350
2026-10-07 00:30:12,25.82,47.83,355,350
2026-10-07 00:30:14,25.77,47.95,355,350
2026-10-07 00:30:16,25.74,48.04,355,350
2026-10-07 00:30:18,27.61,46.99,355,350
2026-10-07 00:30:20,27.95,45.0,355,350
2026-10-07 00:30:22,28.17,43.8,355,350
2026-10-07 00:30:24,28.31,43.03,355,350
2026-10-07 00:30:26,28.42,42.57,354,350
2026-10-07 00:30:28,28.52,42.23,354,350
2026-10-07 00:30:30,28.59,41.99,354,350
2026-10-07 00:30:32,28.65,41.82,355,350
2026-10-07 00:30:34,28.72,41.68,355,350
2026-10-07 00:30:36,28.77,41.55,354,350
2026-10-07 00:30:38,28.8,41.4,355,350
2026-10-07 00:30:40,28.83,41.29,355,350
2026-10-07 00:30:42,28.84,41.24,355,350
2026-10-07 00:30:44,28.9,41.19,355,350
2026-10-07 00:30:46,28.93,41.1,356,350
2026-10-07 00:30:48,27.08,42.14,357,350
2026-10-07 00:30:50,26.71,43.98,356,350
2026-10-07 00:30:52,26.51,45.1,356,350
2026-10-07 00:30:54,26.37,45.8,355,350
2026-10-07 00:30:56,26.26,46.34,355,350
2026-10-07 00:30:58,26.19,46.67,355,350
2026-10-07 00:31:00,26.09,46.93,355,350
2026-10-07 00:31:02,26.02,47.15,354,350
2026-10-07 00:31:04,25.98,47.34,354,350
2026-10-07 00:31:06,25.91,47.46,354,350
2026-10-07 00:31:08,25.88,47.61,354,350
2026-10-07 00:31:10,25.84,47.76,354,350
2026-10-07 00:31:12,25.81,47.9,354,350
2026-10-07 00:31:14,25.79,47.97,354,350
2026-10-07 00:31:16,25.74,48.07,354,350
2026-10-07 00:31:18,27.6,46.98,353,350
2026-10-07 00:31:20,27.97,45.02,353,350
2026-10-07 00:31:22,28.18,43.81,353,350
2026-10-07 00:31:24,28.32,43.08,354,350
2026-10-07 00:31:26,28.39,42.63,355,350
2026-10-07 00:31:28,28.49,42.24,355,350
2026-10-07 00:31:30,28.57,42.01,355,350
2026-10-07 00:31:32,28.65,41.86,355,350
2026-10-07 00:31:34,28.7,41.65,355,350
2026-10-07 00:31:36,28.76,41.58,355,350
2026-10-07 00:31:38,28.79,41.44,355,350
2026-10-07 00:31:40,28.84,41.38,354,350
2026-10-07 00:31:42,28.86,41.27,355,350
2026-10-07 00:31:44,28.91,41.2,354,350
2026-10-07 00:31:46,28.94,41.13,355,350
2026-10-07 00:31:48,27.06,42.2,355,350
2026-10-07 00:31:50,26.69,44.08,355,350
2026-10-07 00:31:52,26.51,45.18,355,350
2026-10-07 00:31:54,26.37,45.89,355,350
2026-10-07 00:31:56,26.25,46.36,355,350
2026-10-07 00:31:58,26.15,46.75,355,350
2026-10-07 00:32:00,26.08,47.01,354,350
2026-10-07 00:32:02,26.02,47.27,354,350
2026-10-07 00:32:04,25.93,47.43,354,350
2026-10-07 00:32:06,25.89,47.6,355,350
2026-10-07 00:32:08,25.86,47.72,355,350
2026-10-07 00:32:10,25.82,47.83,355,350
2026-10-07 00:32:12,25.79,47.96,355,350
2026-10-07 00:32:14,25.75,48.07,355,350
2026-10-07 00:32:16,25.72,48.13,354,350
2026-10-07 00:32:18,27.57,47.06,354,350
2026-10-07 00:32:20,27.94,45.13,355,350
2026-10-07 00:32:22,28.15,43.95,355,350
2026-10-07 00:32:24,28.27,43.16,355,350
2026-10-07 00:32:26,28.36,42.7,355,350
2026-10-07 00:32:28,28.48,42.4,355,350
2026-10-07 00:32:30,28.55,42.14,354,350
2026-10-07 00:32:32,28.6,41.93,355,350
2026-10-07 00:32:34,28.65,41.8,355,350
2026-10-07 00:32:36,28.72,41.64,355,350
2026-10-07 00:32:38,28.76,41.53,354,350
2026-10-07 00:32:40,28.8,41.45,355,350
2026-10-07 00:32:42,28.87,41.38,354,350
2026-10-07 00:32:44,28.86,41.24,355,350
2026-10-07 00:32:46,28.93,41.2,354,350
2026-10-07 00:32:48,27.04,42.22,355,350
2026-10-07 00:32:50,26.69,44.07,355,350
2026-10-07 00:32:52,26.5,45.21,355,350
2026-10-07 00:32:54,26.36,45.97,355,350
2026-10-07 00:32:56,26.23,46.45,355,350
2026-10-07 00:32:58,26.15,46.85,355,350
2026-10-07 00:33:00,26.05,47.11,355,350
2026-10-07 00:33:02,26.0,47.3,355,350
2026-10-07 00:33:04,25.92,47.54,355,350
2026-10-07 00:33:06,25.91,47.66,355,350
2026-10-07 00:33:08,25.84,47.83,355,350
2026-10-07 00:33:10,25.79,47.92,354,350
2026-10-07 00:33:12,25.75,48.05,355,350
2026-10-07 00:33:14,25.71,48.14,355,350
2026-10-07 00:33:16,25.71,48.22,355,350
2026-10-07 00:33:18,27.6,47.14,354,350
2026-10-07 00:33:20,27.92,45.17,355,350
2026-10-07 00:33:22,28.12,43.94,354,350
2026-10-07 00:33:24,28.27,43.21,355,350
2026-10-07 00:33:26,28.39,42.75,355,350
2026-10-07 00:33:28,28.46,42.41,355,350
2026-10-07 00:33:30,28.55,42.19,355,350
2026-10-07 00:33:32,28.62,42.02,355,350
2026-10-07 00:33:34,28.66,41.82,355,350
2026-10-07 00:33:36,28.72,41.68,355,350
2026-10-07 00:33:38,28.75,41.57,355,350
2026-10-07 00:33:40,28.8,41.49,355,350
2026-10-07 00:33:42,28.83,41.37,354,350
2026-10-07 00:33:44,28.88,41.34,354,350
2026-10-07 00:33:46,28.9,41.24,355,350
2026-10-07 00:33:48,27.02,42.31,356,350
2026-10-07 00:33:50,26.68,44.14,356,350
2026-10-07 00:33:52,26.48,45.29,356,350
2026-10-07 00:33:54,26.33,46.05,355,350
2026-10-07 00:33:56,26.23,46.54,355,350
2026-10-07 00:33:58,26.15,46.91,355,350
2026-10-07 00:34:00,26.05,47.15,355,350
2026-10-07 00:34:02,25.98,47.39,355,350
2026-10-07 00:34:04,25.92,47.55,355,350
2026-10-07 00:34:06,25.89,47.76,354,350
2026-10-07 00:34:08,25.85,47.85,354,350
2026-10-07 00:34:10,25.79,47.95,355,350
2026-10-07 00:34:12,25.75,48.05,355,350
2026-10-07 00:34:14,25.7,48.14,355,350
2026-10-07 00:34:16,25.67,48.31,355,350
2026-10-07 00:34:18,27.56,47.19,355,350
2026-10-07 00:34:20,27.9,45.24,355,350
2026-10-07 00:34:22,28.11,43.97,356,350
2026-10-07 00:34:24,28.22,43.25,355,350
2026-10-07 00:34:26,28.39,42.77,355,350
2026-10-07 00:34:28,28.48,42.46,355,350
2026-10-07 00:34:30,28.53,42.15,355,350
2026-10-07 00:34:32,28.6,42.01,354,350
2026-10-07 00:34:34,28.65,41.82,354,350
2026-10-07 00:34:36,28.73,41.69,354,350
2026-10-07 00:34:38,28.77,41.58,354,350
2026-10-07 00:34:40,28.82,41.47,354,350
2026-10-07 00:34:42,28.84,41.38,354,350
2026-10-07 00:34:44,28.87,41.35,355,350
2026-10-07 00:34:46,28.88,41.29,355,350
2026-10-07 00:34:48,27.05,42.31,355,350
2026-10-07 00:34:50,26.68,44.14,355,350
2026-10-07 00:34:52,26.5,45.25,355,350
2026-10-07 00:34:54,26.35,46.03,354,350
2026-10-07 00:34:56,26.23,46.49,355,350
2026-10-07 00:34:58,26.13,46.84,355,350
2026-10-07 00:35:00,26.06,47.12,355,350
2026-10-07 00:35:02,26.0,47.37,354,350
2026-10-07 00:35:04,25.93,47.54,354,350
2026-10-07 00:35:06,25.86,47.72,354,350
2026-10-07 00:35:08,25.81,47.88,355,350
2026-10-07 00:35:10,25.79,47.97,355,350
2026-10-07 00:35:12,25.75,48.1,355,350
2026-10-07 00:35:14,25.72,48.13,355,350
2026-10-07 00:35:16,25.71,48.24,355,350
2026-10-07 00:35:18,27.54,47.15,354,350
2026-10-07 00:35:20,27.91,45.17,354,350
2026-10-07 00:35:22,28.12,43.99,354,350
2026-10-07 00:35:24,28.25,43.21,354,350
2026-10-07 00:35:26,28.39,42.79,354,350
2026-10-07 00:35:28,28.48,42.43,354,350
2026-10-07 00:35:30,28.56,42.19,354,350
2026-10-07 00:35:32,28.6,41.97,354,350
2026-10-07 00:35:34,28.66,41.88,355,350
2026-10-07 00:35:36,28.72,41.72,354,350
2026-10-07 00:35:38,28.76,41.59,353,350
2026-10-07 00:35:40,28.79,41.5,354,350
2026-10-07 00:35:42,28.82,41.46,354,350
2026-10-07 00:35:44,28.88,41.34,355,350
2026-10-07 00:35:46,28.9,41.28,355,350
2026-10-07 00:35:48,27.02,42.3,356,350
2026-10-07 00:35:50,26.67,44.16,355,350
2026-10-07 00:35:52,26.48,45.26,355,350
2026-10-07 00:35:54,26.36,46.02,355,350
2026-10-07 00:35:56,26.2,46.55,355,350
2026-10-07 00:35:58,26.13,46.89,355,350
2026-10-07 00:36:00,26.05,47.17,354,350
2026-10-07 00:36:02,25.99,47.39,355,350
2026-10-07 00:36:04,25.89,47.59,355,350
2026-10-07 00:36:06,25.85,47.73,356,350
2026-10-07 00:36:08,25.82,47.89,355,350
2026-10-07 00:36:10,25.79,48.0,355,350
2026-10-07 00:36:12,25.75,48.1,355,350
2026-10-07 00:36:14,25.7,48.23,355,350
2026-10-07 00:36:16,25.68,48.27,355,350
2026-10-07 00:36:18,27.56,47.24,355,351
2026-10-07 00:36:20,27.91,45.29,355,351
2026-10-07 00:36:22,28.11,44.02,354,351
2026-10-07 00:36:24,28.27,43.27,354,351
2026-10-07 00:36:26,28.33,42.8,354,351
2026-10-07 00:36:28,28.45,42.47,355,351
2026-10-07 00:36:30,28.52,42.26,354,351
2026-10-07 00:36:32,28.6,42.02,354,351
2026-10-07 00:36:34,28.66,41.86,354,351
2026-10-07 00:36:36,28.7,41.74,354,351
2026-10-07 00:36:38,28.75,41.6,354,351
2026-10-07 00:36:40,28.77,41.54,354,351
2026-10-07 00:36:42,28.8,41.43,354,351
2026-10-07 00:36:44,28.86,41.34,354,351
2026-10-07 00:36:46,28.9,41.27,354,351
2026-10-07 00:36:48,27.01,42.28,356,351
2026-10-07 00:36:50,26.67,44.19,355,351
2026-10-07 00:36:52,26.48,45.32,355,351
2026-10-07 00:36:54,26.35,46.06,355,351
2026-10-07 00:36:56,26.2,46.51,355,351
2026-10-07 00:36:58,26.13,46.88,354,351
2026-10-07 00:37:00,26.05,47.13,354,351
2026-10-07 00:37:02,25.98,47.38,355,351
2026-10-07 00:37:04,25.95,47.57,354,351
2026-10-07 00:37:06,25.88,47.79,355,351
2026-10-07 00:37:08,25.82,47.89,355,351
2026-10-07 00:37:10,25.79,47.99,355,351
2026-10-07 00:37:12,25.74,48.12,355,351
2026-10-07 00:37:14,25.72,48.17,355,351
2026-10-07 00:37:16,25.67,48.33,355,351
2026-10-07 00:37:18,27.56,47.22,353,351
2026-10-07 00:37:20,27.91,45.28,354,351
2026-10-07 00:37:22,28.11,44.07,354,351
2026-10-07 00:37:24,28.24,43.31,354,351
2026-10-07 00:37:26,28.33,42.87,355,351
2026-10-07 00:37:28,28.46,42.5,354,351
2026-10-07 00:37:30,28.53,42.25,354,351
2026-10-07 00:37:32,28.6,42.04,354,351
2026-10-07 00:37:34,28.63,41.87,354,351
2026-10-07 00:37:36,28.7,41.77,354,351
2026-10-07 00:37:38,28.75,41.67,354,351
2026-10-07 00:37:40,28.8,41.54,354,351
2026-10-07 00:37:42,28.83,41.44,354,351
2026-10-07 00:37:44,28.86,41.34,354,351
2026-10-07 00:37:46,28.9,41.27,355,351
2026-10-07 00:37:48,27.02,42.31,355,351
2026-10-07 00:37:50,26.64,44.19,355,351
2026-10-07 00:37:52,26.46,45.32,355,351
2026-10-07 00:37:54,26.32,46.07,355,351
2026-10-07 00:37:56,26.22,46.58,355,351
2026-10-07 00:37:58,26.1,46.96,355,351
2026-10-07 00:38:00,26.05,47.23,355,351
2026-10-07 00:38:02,25.93,47.45,355,351
2026-10-07 00:38:04,25.91,47.66,355,351
2026-10-07 00:38:06,25.86,47.77,355,351
2026-10-07 00:38:08,25.79,47.9,355,351
2026-10-07 00:38:10,25.77,48.04,355,351
2026-10-07 00:38:12,25.72,48.14,355,351
2026-10-07 00:38:14,25.68,48.24,355,351
2026-10-07 00:38:16,25.65,48.38,355,351
2026-10-07 00:38:18,27.52,47.28,355,351
2026-10-07 00:38:20,27.87,45.31,355,351
2026-10-07 00:38:22,28.08,44.11,354,351
2026-10-07 00:38:24,28.24,43.34,355,351
2026-10-07 00:38:26,28.35,42.87,356,351
2026-10-07 00:38:28,28.42,42.53,356,351
2026-10-07 00:38:30,28.5,42.28,356,351
2026-10-07 00:38:32,28.59,42.1,355,351
2026-10-07 00:38:34,28.63,41.93,355,351
2026-10-07 00:38:36,28.69,41.8,355,351
2026-10-07 00:38:38,28.72,41.69,355,351
2026-10-07 00:38:40,28.76,41.63,355,351
2026-10-07 00:38:42,28.8,41.47,355,351
2026-10-07 00:38:44,28.84,41.43,355,351
2026-10-07 00:38:46,28.83,41.42,355,351
2026-10-07 00:38:48,27.01,42.41,356,351
2026-10-07 00:38:50,26.65,44.26,355,351
2026-10-07 00:38:52,26.44,45.42,355,351
2026-10-07 00:38:54,26.3,46.2,356,351
2026-10-07 00:38:56,26.18,46.73,355,351
2026-10-07 00:38:58,26.12,47.16,355,351
2026-10-07 00:39:00,26.02,47.56,355,351
2026-10-07 00:39:02,25.95,47.7,356,351
2026-10-07 00:39:04,25.86,47.91,356,351
2026-10-07 00:39:06,25.85,48.05,356,351
2026-10-07 00:39:08,25.81,48.18,356,351
2026-10-07 00:39:10,25.75,48.36,356,351
2026-10-07 00:39:12,25.71,48.63,356,351
2026-10-07 00:39:14,25.67,48.74,356,351
2026-10-07 00:39:16,25.62,48.86,357,351
2026-10-07 00:39:18,27.52,47.76,356,351
2026-10-07 00:39:20,27.87,45.77,357,351
2026-10-07 00:39:22,28.07,44.57,357,351
2026-10-07 00:39:24,28.19,43.88,357,351
2026-10-07 00:39:26,28.32,43.44,357,351
2026-10-07 00:39:28,28.4,43.09,357,351
2026-10-07 00:39:30,28.5,42.77,356,351
2026-10-07 00:39:32,28.57,42.63,357,351
2026-10-07 00:39:34,28.62,42.45,357,351
2026-10-07 00:39:36,28.66,42.33,357,351
2026-10-07 00:39:38,28.72,42.2,357,351
2026-10-07 00:39:40,28.73,42.09,357,351
2026-10-07 00:39:42,28.79,42.01,357,351
2026-10-07 00:39:44,28.86,41.91,357,351
2026-10-07 00:39:46,28.83,41.85,357,351
2026-10-07 00:39:48,26.99,42.85,357,351
2026-10-07 00:39:50,26.64,44.67,357,351
2026-10-07 00:39:52,26.41,45.81,357,351
2026-10-07 00:39:54,26.27,46.56,357,351
2026-10-07 00:39:56,26.19,47.08,357,351
2026-10-07 00:39:58,26.08,47.45,356,351
2026-10-07 00:40:00,26.02,47.72,356,351
2026-10-07 00:40:02,25.95,47.98,356,351
2026-10-07 00:40:04,25.89,48.16,356,351
2026-10-07 00:40:06,25.84,48.33,356,351
2026-10-07 00:40:08,25.79,48.46,356,351
2026-10-07 00:40:10,25.77,48.57,356,351
2026-10-07 00:40:12,25.74,48.65,356,351
2026-10-07 00:40:14,25.68,48.76,356,351
2026-10-07 00:40:16,25.67,48.87,356,351
2026-10-07 00:40:18,27.53,47.71,355,351
2026-10-07 00:40:20,27.91,45.73,356,351
2026-10-07 00:40:22,28.09,44.56,355,351
2026-10-07 00:40:24,28.22,43.82,356,351
2026-10-07 00:40:26,28.36,43.3,355,351
2026-10-07 00:40:28,28.43,42.97,355,351
2026-10-07 00:40:30,28.52,42.74,355,351
2026-10-07 00:40:32,28.57,42.51,356,351
2026-10-07 00:40:34,28.66,42.38,355,351
2026-10-07 00:40:36,28.66,42.27,356,351
2026-10-07 00:40:38,28.72,42.1,356,351
2026-10-07 00:40:40,28.77,42.04,355,351
2026-10-07 00:40:42,28.83,41.94,356,351
2026-10-07 00:40:44,28.83,41.84,356,351
2026-10-07 00:40:46,28.87,41.81,356,351
2026-10-07 00:40:48,27.02,42.87,356,351
2026-10-07 00:40:50,26.65,44.72,356,351
2026-10-07 00:40:52,26.44,45.93,356,351
2026-10-07 00:40:54,26.29,46.71,356,351
2026-10-07 00:40:56,26.19,47.23,356,351
2026-10-07 00:40:58,26.12,47.57,356,351
2026-10-07 00:41:00,26.03,47.88,356,351
2026-10-07 00:41:02,25.96,48.13,356,351
2026-10-07 00:41:04,25.91,48.3,356,351
2026-10-07 00:41:06,25.85,48.43,356,351
2026-10-07 00:41:08,25.81,48.59,356,351
2026-10-07 00:41:10,25.77,48.68,356,351
2026-10-07 00:41:12,25.75,48.78,356,351
2026-10-07 00:41:14,25.71,48.88,356,351
2026-10-07 00:41:16,25.68,48.97,356,351
2026-10-07 00:41:18,27.57,47.85,355,351
2026-10-07 00:41:20,27.91,45.8,355,351
2026-10-07 00:41:22,28.11,44.6,355,351
2026-10-07 00:41:24,28.28,43.92,355,351
2026-10-07 00:41:26,28.36,43.4,355,351
2026-10-07 00:41:28,28.48,43.06,355,351
2026-10-07 00:41:30,28.5,42.8,356,351
2026-10-07 00:41:32,28.57,42.62,356,351
2026-10-07 00:41:34,28.66,42.48,356,351
2026-10-07 00:41:36,28.69,42.38,356,351
2026-10-07 00:41:38,28.76,42.22,356,351
2026-10-07 00:41:40,28.79,42.16,356,351
2026-10-07 00:41:42,28.83,42.06,356,351
2026-10-07 00:41:44,28.86,41.98,356,351
2026-10-07 00:41:46,28.91,41.86,355,351
2026-10-07 00:41:48,27.02,42.91,356,351
2026-10-07 00:41:50,26.69,44.79,356,351
2026-10-07 00:41:52,26.46,45.92,356,351
2026-10-07 00:41:54,26.33,46.71,356,351
2026-10-07 00:41:56,26.23,47.23,356,351
2026-10-07 00:41:58,26.12,47.62,356,351
2026-10-07 00:42:00,26.06,47.91,356,351
2026-10-07 00:42:02,26.0,48.1,356,351
2026-10-07 00:42:04,25.93,48.29,356,351
2026-10-07 00:42:06,25.89,48.46,356,351
2026-10-07 00:42:08,25.84,48.59,356,351
2026-10-07 00:42:10,25.78,48.74,356,351
2026-10-07 00:42:12,25.74,48.82,356,351
2026-10-07 00:42:14,25.72,48.9,356,351
2026-10-07 00:42:16,25.7,49.0,356,351
2026-10-07 00:42:18,27.56,47.91,355,351
2026-10-07 00:42:20,27.92,45.92,355,351
2026-10-07 00:42:22,28.12,44.72,355,351
2026-10-07 00:42:24,28.27,44.0,355,351
2026-10-07 00:42:26,28.36,43.5,356,351
2026-10-07 00:42:28,28.45,43.09,355,351
2026-10-07 00:42:30,28.52,42.89,356,351
2026-10-07 00:42:32,28.6,42.73,356,351
2026-10-07 00:42:34,28.67,42.5,356,351
2026-10-07 00:42:36,28.69,42.37,356,351
2026-10-07 00:42:38,28.77,42.23,356,351
2026-10-07 00:42:40,28.82,42.17,356,351
2026-10-07 00:42:42,28.84,42.07,356,351
2026-10-07 00:42:44,28.88,41.96,356,351
2026-10-07 00:42:46,28.91,41.86,356,351
2026-10-07 00:42:48,27.05,43.0,357,351
2026-10-07 00:42:50,26.69,44.8,356,351
2026-10-07 00:42:52,26.47,45.96,356,351
2026-10-07 00:42:54,26.35,46.72,356,351
2026-10-07 00:42:56,26.2,47.22,356,351
2026-10-07 00:42:58,26.12,47.59,356,351
2026-10-07 00:43:00,26.03,47.86,356,351
2026-10-07 00:43:02,25.98,48.07,356,351
2026-10-07 00:43:04,25.92,48.26,356,351
2026-10-07 00:43:06,25.88,48.47,356,351
2026-10-07 00:43:08,25.82,48.59,356,351
2026-10-07 00:43:10,25.78,48.72,356,351
2026-10-07 00:43:12,25.77,48.81,356,351
2026-10-07 00:43:14,25.7,48.95,356,351
2026-10-07 00:43:16,25.68,49.06,356,351
2026-10-07 00:43:18,27.56,47.98,355,351
2026-10-07 00:43:20,27.91,45.89,355,351
2026-10-07 00:43:22,28.12,44.7,356,351
2026-10-07 00:43:24,28.24,44.01,355,351
2026-10-07 00:43:26,28.38,43.52,356,351
2026-10-07 00:43:28,28.46,43.17,356,351
2026-10-07 00:43:30,28.56,42.91,356,351
2026-10-07 00:43:32,28.6,42.77,356,351
2026-10-07 00:43:34,28.65,42.6,356,351
2026-10-07 00:43:36,28.72,42.42,356,351
2026-10-07 00:43:38,28.77,42.34,356,351
2026-10-07 00:43:40,28.82,42.24,356,351
2026-10-07 00:43:42,28.86,42.12,356,351
2026-10-07 00:43:44,28.87,42.07,356,351
2026-10-07 00:43:46,28.9,42.0,356,351
2026-10-07 00:43:48,27.02,43.03,356,351
2026-10-07 00:43:50,26.69,44.88,356,351
2026-10-07 00:43:52,26.48,46.02,356,351
2026-10-07 00:43:54,26.3,46.8,355,351
2026-10-07 00:43:56,26.25,47.28,355,351
2026-10-07 00:43:58,26.12,47.66,356,351
2026-10-07 00:44:00,26.03,47.97,356,351
2026-10-07 00:44:02,25.99,48.19,355,351
2026-10-07 00:44:04,25.93,48.34,355,351
2026-10-07 00:44:06,25.89,48.48,356,351
2026-10-07 00:44:08,25.82,48.63,356,351
2026-10-07 00:44:10,25.79,48.72,356,351
2026-10-07 00:44:12,25.74,48.86,356,351
2026-10-07 00:44:14,25.72,49.02,356,351
2026-10-07 00:44:16,25.7,49.04,356,351
2026-10-07 00:44:18,27.56,47.97,355,351
2026-10-07 00:44:20,27.92,45.97,355,351
2026-10-07 00:44:22,28.12,44.76,356,351
2026-10-07 00:44:24,28.25,44.04,356,351
2026-10-07 00:44:26,28.38,43.56,356,351
2026-10-07 00:44:28,28.46,43.18,356,351
2026-10-07 00:44:30,28.55,42.96,356,351
2026-10-07 00:44:32,28.62,42.71,356,351
2026-10-07 00:44:34,28.67,42.56,356,351
2026-10-07 00:44:36,28.7,42.48,356,351
2026-10-07 00:44:38,28.77,42.32,356,351
2026-10-07 00:44:40,28.8,42.28,356,351
2026-10-07 00:44:42,28.83,42.12,356,351
2026-10-07 00:44:44,28.86,42.02,356,351
2026-10-07 00:44:46,28.87,41.96,356,351
2026-10-07 00:44:48,27.02,43.05,357,351
2026-10-07 00:44:50,26.69,44.85,356,351
2026-10-07 00:44:52,26.47,46.04,356,351
2026-10-07 00:44:54,26.33,46.85,356,351
2026-10-07 00:44:56,26.18,47.32,356,351
2026-10-07 00:44:58,26.12,47.68,356,351
2026-10-07 00:45:00,26.03,47.98,357,351
2026-10-07 00:45:02,25.96,48.19,356,351
2026-10-07 00:45:04,25.93,48.39,356,351
2026-10-07 00:45:06,25.86,48.54,356,351
2026-10-07 00:45:08,25.82,48.63,356,351
2026-10-07 00:45:10,25.78,48.75,356,351
2026-10-07 00:45:12,25.75,48.85,356,351
2026-10-07 00:45:14,25.72,48.95,356,351
2026-10-07 00:45:16,25.7,49.03,356,351
2026-10-07 00:45:18,27.57,47.93,355,351
2026-10-07 00:45:20,27.9,45.91,355,351
2026-10-07 00:45:22,28.14,44.66,356,351
2026-10-07 00:45:24,28.29,43.98,356,351
2026-10-07 00:45:26,28.38,43.49,356,351
2026-10-07 00:45:28,28.46,43.18,356,351
2026-10-07 00:45:30,28.55,42.94,356,351
2026-10-07 00:45:32,28.6,42.75,356,351
2026-10-07 00:45:34,28.69,42.63,355,351
2026-10-07 00:45:36,28.73,42.48,356,351
2026-10-07 00:45:38,28.79,42.35,356,351
2026-10-07 00:45:40,28.83,42.24,355,351
2026-10-07 00:45:42,28.86,42.18,356,351
2026-10-07 00:45:44,28.9,42.08,356,351
2026-10-07 00:45:46,28.93,42.01,356,351
2026-10-07 00:45:48,27.04,43.0,356,351
2026-10-07 00:45:50,26.68,44.88,356,351
2026-10-07 00:45:52,26.5,46.04,356,351
2026-10-07 00:45:54,26.35,46.83,356,351
2026-10-07 00:45:56,26.22,47.34,356,351
2026-10-07 00:45:58,26.15,47.7,356,351
2026-10-07 00:46:00,26.08,47.97,356,351
2026-10-07 00:46:02,26.02,48.19,356,351
2026-10-07 00:46:04,25.96,48.37,355,351
2026-10-07 00:46:06,25.91,48.54,355,351
2026-10-07 00:46:08,25.84,48.7,356,351
2026-10-07 00:46:10,25.79,48.8,356,351
2026-10-07 00:46:12,25.78,48.96,356,351
2026-10-07 00:46:14,25.75,49.06,355,351
2026-10-07 00:46:16,25.7,49.13,356,351
2026-10-07 00:46:18,27.57,48.03,355,351
2026-10-07 00:46:20,27.92,45.99,355,351
2026-10-07 00:46:22,28.12,44.78,356,351
2026-10-07 00:46:24,28.27,44.08,356,351
2026-10-07 00:46:26,28.36,43.56,355,351
2026-10-07 00:46:28,28.49,43.28,356,351
2026-10-07 00:46:30,28.55,43.0,356,351
2026-10-07 00:46:32,28.62,42.81,355,351
2026-10-07 00:46:34,28.66,42.68,356,351
2026-10-07 00:46:36,28.73,42.49,356,351
2026-10-07 00:46:38,28.77,42.35,356,351
2026-10-07 00:46:40,28.79,42.3,356,351
2026-10-07 00:46:42,28.83,42.21,356,351
2026-10-07 00:46:44,28.87,42.14,356,351
2026-10-07 00:46:46,28.93,42.06,356,351
2026-10-07 00:46:48,27.02,43.11,357,351
2026-10-07 00:46:50,26.69,44.95,356,351
2026-10-07 00:46:52,26.47,46.1,357,351
2026-10-07 00:46:54,26.35,46.84,356,351
2026-10-07 00:46:56,26.2,47.32,356,351
2026-10-07 00:46:58,26.15,47.74,356,351
2026-10-07 00:47:00,26.06,48.02,356,351
2026-10-07 00:47:02,26.0,48.27,356,351
2026-10-07 00:47:04,25.95,48.45,356,351
2026-10-07 00:47:06,25.89,48.61,356,351
2026-10-07 00:47:08,25.84,48.7,356,351
2026-10-07 00:47:10,25.79,48.9,356,351
2026-10-07 00:47:12,25.77,48.97,356,351
2026-10-07 00:47:14,25.72,49.07,356,351
2026-10-07 00:47:16,25.7,49.19,356,351
2026-10-07 00:47:18,27.57,48.08,355,351
2026-10-07 00:47:20,27.95,46.05,356,351
2026-10-07 00:47:22,28.14,44.86,356,351
2026-10-07 00:47:24,28.28,44.11,356,351
2026-10-07 00:47:26,28.38,43.63,356,351
2026-10-07 00:47:28,28.48,43.27,356,351
2026-10-07 00:47:30,28.55,43.0,356,351
2026-10-07 00:47:32,28.62,42.8,356,351
2026-10-07 00:47:34,28.69,42.62,356,351
2026-10-07 00:47:36,28.75,42.49,356,351
2026-10-07 00:47:38,28.79,42.38,356,351
2026-10-07 00:47:40,28.82,42.25,356,351
2026-10-07 00:47:42,28.86,42.14,356,351
2026-10-07 00:47:44,28.87,42.09,356,351
2026-10-07 00:47:46,28.93,42.01,356,351
2026-10-07 00:47:48,27.05,43.12,357,351
2026-10-07 00:47:50,26.71,44.91,357,351
2026-10-07 00:47:52,26.51,46.13,357,351
2026-10-07 00:47:54,26.35,46.88,357,351
2026-10-07 00:47:56,26.26,47.34,357,351
2026-10-07 00:47:58,26.13,47.74,357,351
2026-10-07 00:48:00,26.06,48.02,357,351
2026-10-07 00:48:02,25.99,48.21,356,351
2026-10-07 00:48:04,25.95,48.44,356,351
2026-10-07 00:48:06,25.89,48.55,356,351
2026-10-07 00:48:08,25.84,48.67,357,351
2026-10-07 00:48:10,25.81,48.83,356,351
2026-10-07 00:48:12,25.78,48.95,356,351
2026-10-07 00:48:14,25.72,49.06,356,351
2026-10-07 00:48:16,25.74,49.18,356,351
2026-10-07 00:48:18,27.6,48.06,356,351
2026-10-07 00:48:20,27.91,45.98,356,351
2026-10-07 00:48:22,28.14,44.82,356,351
2026-10-07 00:48:24,28.27,44.1,356,351
2026-10-07 00:48:26,28.38,43.6,356,351
2026-10-07 00:48:28,28.48,43.23,356,351
2026-10-07 00:48:30,28.56,42.96,356,351
2026-10-07 00:48:32,28.63,42.78,356,351
2026-10-07 00:48:34,28.69,42.61,356,351
2026-10-07 00:48:36,28.73,42.46,356,351
2026-10-07 00:48:38,28.79,42.37,356,351
2026-10-07 00:48:40,28.82,42.26,356,351
2026-10-07 00:48:42,28.86,42.2,356,351
2026-10-07 00:48:44,28.88,42.07,356,351
2026-10-07 00:48:46,28.93,42.03,357,351
2026-10-07 00:48:48,27.06,43.04,357,351
2026-10-07 00:48:50,26.69,44.93,357,351
2026-10-07 00:48:52,26.5,46.11,357,351
2026-10-07 00:48:54,26.36,46.88,356,351
2026-10-07 00:48:56,26.25,47.41,356,351
2026-10-07 00:48:58,26.15,47.77,356,351
2026-10-07 00:49:00,26.08,48.05,356,351
2026-10-07 00:49:02,25.99,48.27,356,352
2026-10-07 00:49:04,25.95,48.42,356,352
2026-10-07 00:49:06,25.89,48.65,356,352
2026-10-07 00:49:08,25.85,48.76,356,352
2026-10-07 00:49:10,25.84,48.9,356,352
2026-10-07 00:49:12,25.78,49.07,357,352
2026-10-07 00:49:14,25.74,49.16,356,352
2026-10-07 00:49:16,25.72,49.24,356,352
2026-10-07 00:49:18,27.57,48.11,356,352
2026-10-07 00:49:20,27.94,46.06,356,352
2026-10-07 00:49:22,28.14,44.83,356,352
2026-10-07 00:49:24,28.29,44.11,356,352
2026-10-07 00:49:26,28.39,43.58,356,352
2026-10-07 00:49:28,28.5,43.26,356,352
2026-10-07 00:49:30,28.56,43.01,356,352
2026-10-07 00:49:32,28.62,42.79,356,352
2026-10-07 00:49:34,28.7,42.63,356,352
2026-10-07 00:49:36,28.73,42.52,356,352
2026-10-07 00:49:38,28.77,42.41,356,352
2026-10-07 00:49:40,28.82,42.32,356,352
2026-10-07 00:49:42,28.83,42.3,356,352
2026-10-07 00:49:44,28.9,42.18,356,352
2026-10-07 00:49:46,28.93,42.1,356,352
2026-10-07 00:49:48,27.05,43.16,357,352
2026-10-07 00:49:50,26.71,44.97,357,352
2026-10-07 00:49:52,26.5,46.11,357,352
2026-10-07 00:49:54,26.36,46.91,357,352
2026-10-07 00:49:56,26.23,47.43,357,352
2026-10-07 00:49:58,26.15,47.79,357,352
2026-10-07 00:50:00,26.08,48.08,356,352
2026-10-07 00:50:02,25.99,48.33,356,352
2026-10-07 00:50:04,25.93,48.51,357,352
2026-10-07 00:50:06,25.91,48.65,356,352
2026-10-07 00:50:08,25.85,48.78,357,352
2026-10-07 00:50:10,25.81,48.95,356,352
2026-10-07 00:50:12,25.77,49.09,356,352
2026-10-07 00:50:14,25.74,49.19,356,352
2026-10-07 00:50:16,25.72,49.23,356,352
2026-10-07 00:50:18,27.59,48.13,356,352
2026-10-07 00:50:20,27.94,46.09,356,352
2026-10-07 00:50:22,28.14,44.88,356,352
2026-10-07 00:50:24,28.28,44.16,356,352
2026-10-07 00:50:26,28.39,43.69,356,352
2026-10-07 00:50:28,28.46,43.33,356,352
2026-10-07 00:50:30,28.55,43.1,356,352
2026-10-07 00:50:32,28.62,42.91,356,352
2026-10-07 00:50:34,28.67,42.78,357,352
2026-10-07 00:50:36,28.75,42.6,357,352
2026-10-07 00:50:38,28.79,42.51,357,352
2026-10-07 00:50:40,28.82,42.36,356,352
2026-10-07 00:50:42,28.86,42.3,357,352
2026-10-07 00:50:44,28.91,42.21,356,352
2026-10-07 00:50:46,28.93,42.15,356,352
2026-10-07 00:50:48,27.08,43.19,357,352
2026-10-07 00:50:50,26.71,45.01,357,352
2026-10-07 00:50:52,26.51,46.21,357,352
2026-10-07 00:50:54,26.35,46.94,357,352
2026-10-07 00:50:56,26.26,47.5,357,352
2026-10-07 00:50:58,26.13,47.87,357,352
2026-10-07 00:51:00,26.08,48.16,357,352
2026-10-07 00:51:02,26.02,48.43,357,352
2026-10-07 00:51:04,25.96,48.6,357,352
2026-10-07 00:51:06,25.92,48.75,357,352
2026-10-07 00:51:08,25.88,48.84,357,352
2026-10-07 00:51:10,25.84,49.0,357,352
2026-10-07 00:51:12,25.77,49.11,357,352
2026-10-07 00:51:14,25.75,49.16,357,352
2026-10-07 00:51:16,25.71,49.29,357,352
2026-10-07 00:51:18,27.6,48.12,357,352
2026-10-07 00:51:20,27.92,46.12,356,352
2026-10-07 00:51:22,28.14,44.88,357,352
2026-10-07 00:51:24,28.29,44.07,357,352
2026-10-07 00:51:26,28.4,43.61,357,352
2026-10-07 00:51:28,28.5,43.25,357,352
2026-10-07 00:51:30,28.57,43.02,357,352
2026-10-07 00:51:32,28.63,42.86,357,352
2026-10-07 00:51:34,28.69,42.68,357,352
2026-10-07 00:51:36,28.73,42.52,357,352
2026-10-07 00:51:38,28.8,42.42,357,352
2026-10-07 00:51:40,28.84,42.38,357,352
2026-10-07 00:51:42,28.87,42.27,357,352
2026-10-07 00:51:44,28.91,42.17,357,352
2026-10-07 00:51:46,28.95,42.11,357,352
2026-10-07 00:51:48,27.08,43.19,358,352
2026-10-07 00:51:50,26.69,45.02,357,352
2026-10-07 00:51:52,26.51,46.19,357,352
2026-10-07 00:51:54,26.37,46.94,357,352
2026-10-07 00:51:56,26.25,47.41,357,352
2026-10-07 00:51:58,26.16,47.79,357,352
2026-10-07 00:52:00,26.08,48.08,357,352
2026-10-07 00:52:02,26.02,48.34,357,352
2026-10-07 00:52:04,25.96,48.48,357,352
2026-10-07 00:52:06,25.92,48.65,357,352
2026-10-07 00:52:08,25.85,48.8,357,352
2026-10-07 00:52:10,25.82,48.96,357,352
2026-10-07 00:52:12,25.78,49.11,357,352
2026-10-07 00:52:14,25.75,49.16,357,352
2026-10-07 00:52:16,25.74,49.25,357,352
2026-10-07 00:52:18,27.6,48.14,356,352
2026-10-07 00:52:20,27.95,46.11,357,352
2026-10-07 00:52:22,28.14,44.93,356,352
2026-10-07 00:52:24,28.29,44.2,357,352
2026-10-07 00:52:26,28.38,43.74,357,352
2026-10-07 00:52:28,28.48,43.38,357,352
2026-10-07 00:52:30,28.56,43.11,357,352
2026-10-07 00:52:32,28.65,42.92,357,352
2026-10-07 00:52:34,28.67,42.72,357,352
2026-10-07 00:52:36,28.75,42.65,357,352
2026-10-07 00:52:38,28.79,42.49,357,352
2026-10-07 00:52:40,28.82,42.45,357,352
2026-10-07 00:52:42,28.86,42.33,357,352
2026-10-07 00:52:44,28.91,42.26,356,352
2026-10-07 00:52:46,28.94,42.14,356,352
2026-10-07 00:52:48,27.09,43.19,357,352
2026-10-07 00:52:50,26.74,45.07,357,352
2026-10-07 00:52:52,26.51,46.24,357,352
2026-10-07 00:52:54,26.37,46.99,357,352
2026-10-07 00:52:56,26.26,47.52,357,352
2026-10-07 00:52:58,26.18,47.88,357,352
2026-10-07 00:53:00,26.1,48.15,357,352
2026-10-07 00:53:02,26.02,48.32,357,352
2026-10-07 00:53:04,25.96,48.53,357,352
2026-10-07 00:53:06,25.92,48.66,357,352
2026-10-07 00:53:08,25.86,48.81,357,352
2026-10-07 00:53:10,25.82,48.95,357,352
2026-10-07 00:53:12,25.78,49.07,357,352
2026-10-07 00:53:14,25.75,49.16,357,352
2026-10-07 00:53:16,25.74,49.25,357,352
2026-10-07 00:53:18,27.6,48.16,356,352
2026-10-07 00:53:20,27.94,46.06,357,352
2026-10-07 00:53:22,28.14,44.9,357,352
2026-10-07 00:53:24,28.29,44.15,357,352
2026-10-07 00:53:26,28.38,43.69,357,352
2026-10-07 00:53:28,28.48,43.33,357,352
2026-10-07 00:53:30,28.55,43.05,357,352
2026-10-07 00:53:32,28.63,42.91,357,352
2026-10-07 00:53:34,28.69,42.71,357,352
2026-10-07 00:53:36,28.75,42.56,356,352
2026-10-07 00:53:38,28.77,42.42,356,352
2026-10-07 00:53:40,28.83,42.36,356,352
2026-10-07 00:53:42,28.87,42.26,357,352
2026-10-07 00:53:44,28.9,42.21,357,352
2026-10-07 00:53:46,28.95,42.08,356,352
2026-10-07 00:53:48,27.06,43.15,357,352
2026-10-07 00:53:50,26.74,44.98,357,352
2026-10-07 00:53:52,26.51,46.18,357,352
2026-10-07 00:53:54,26.39,46.94,357,352
2026-10-07 00:53:56,26.29,47.47,357,352
2026-10-07 00:53:58,26.19,47.88,357,352
2026-10-07 00:54:00,26.09,48.16,357,352
2026-10-07 00:54:02,26.02,48.36,357,352
2026-10-07 00:54:04,25.96,48.6,357,352
2026-10-07 00:54:06,25.92,48.75,357,352
2026-10-07 00:54:08,25.86,48.89,357,352
2026-10-07 00:54:10,25.84,49.01,357,352
2026-10-07 00:54:12,25.81,49.14,357,352
2026-10-07 00:54:14,25.78,49.23,357,352
2026-10-07 00:54:16,25.72,49.35,357,352
2026-10-07 00:54:18,27.61,48.24,356,352
2026-10-07 00:54:20,27.94,46.22,357,352
2026-10-07 00:54:22,28.18,44.99,356,352
2026-10-07 00:54:24,28.28,44.28,357,352
2026-10-07 00:54:26,28.4,43.83,357,352
2026-10-07 00:54:28,28.52,43.47,357,352
2026-10-07 00:54:30,28.57,43.16,357,352
2026-10-07 00:54:32,28.66,42.94,357,352
2026-10-07 00:54:34,28.7,42.81,357,352
2026-10-07 00:54:36,28.75,42.71,357,352
2026-10-07 00:54:38,28.8,42.59,357,352
2026-10-07 00:54:40,28.83,42.51,357,352
2026-10-07 00:54:42,28.88,42.36,357,352
2026-10-07 00:54:44,28.94,42.29,357,352
2026-10-07 00:54:46,28.95,42.2,357,352
2026-10-07 00:54:48,27.08,43.26,357,352
2026-10-07 00:54:50,26.75,45.1,357,352
2026-10-07 00:54:52,26.54,46.24,357,352
2026-10-07 00:54:54,26.39,47.0,357,352
2026-10-07 00:54:56,26.27,47.52,357,352
2026-10-07 00:54:58,26.2,47.88,357,352
2026-10-07 00:55:00,26.12,48.13,357,352
2026-10-07 00:55:02,26.03,48.4,357,352
2026-10-07 00:55:04,25.98,48.62,357,352
2026-10-07 00:55:06,25.95,48.76,357,352
2026-10-07 00:55:08,25.89,48.88,357,352
2026-10-07 00:55:10,25.84,49.04,357,352
2026-10-07 00:55:12,25.81,49.18,357,352
2026-10-07 00:55:14,25.78,49.29,357,352
2026-10-07 00:55:16,25.75,49.38,357,352
2026-10-07 00:55:18,27.61,48.21,357,352
2026-10-07 00:55:20,27.97,46.21,357,352
2026-10-07 00:55:22,28.18,44.99,357,352
2026-10-07 00:55:24,28.28,44.26,357,352
2026-10-07 00:55:26,28.43,43.76,357,352
2026-10-07 00:55:28,28.48,43.5,357,352
2026-10-07 00:55:30,28.56,43.17,357,352
2026-10-07 00:55:32,28.65,42.98,357,352
2026-10-07 00:55:34,28.72,42.81,357,352
2026-10-07 00:55:36,28.77,42.68,357,352
2026-10-07 00:55:38,28.82,42.59,357,352
2026-10-07 00:55:40,28.86,42.45,357,352
2026-10-07 00:55:42,28.9,42.39,357,352
2026-10-07 00:55:44,28.93,42.31,357,352
2026-10-07 00:55:46,28.94,42.22,357,352
2026-10-07 00:55:48,27.08,43.26,358,352
2026-10-07 00:55:50,26.74,45.16,357,352
2026-10-07 00:55:52,26.54,46.28,357,352
2026-10-07 00:55:54,26.37,47.03,357,352
2026-10-07 00:55:56,26.26,47.59,357,352
2026-10-07 00:55:58,26.22,47.93,357,352
2026-10-07 00:56:00,26.06,48.21,357,352
2026-10-07 00:56:02,26.0,48.43,357,352
2026-10-07 00:56:04,25.98,48.64,357,352
2026-10-07 00:56:06,25.91,48.92,357,352
2026-10-07 00:56:08,25.82,49.18,357,352
2026-10-07 00:56:10,25.81,49.36,358,352
2026-10-07 00:56:12,25.77,49.44,358,352
2026-10-07 00:56:14,25.75,49.58,358,352
2026-10-07 00:56:16,25.71,49.67,358,352
2026-10-07 00:56:18,27.54,48.53,358,352
2026-10-07 00:56:20,27.87,46.77,357,352
2026-10-07 00:56:22,28.07,45.67,357,352
2026-10-07 00:56:24,28.21,44.97,358,352
2026-10-07 00:56:26,28.32,44.46,358,352
2026-10-07 00:56:28,28.4,43.54,357,352
2026-10-07 00:56:30,28.46,42.92,357,352
2026-10-07 00:56:32,28.48,42.48,355,352
2026-10-07 00:56:34,28.57,42.04,353,352
2026-10-07 00:56:36,28.56,41.77,353,352
2026-10-07 00:56:38,28.56,41.57,352,352
2026-10-07 00:56:40,28.57,40.96,343,352
2026-10-07 00:56:42,28.62,40.12,330,352
2026-10-07 00:56:44,28.67,39.99,330,352
2026-10-07 00:56:46,28.65,40.25,330,352
2026-10-07 00:56:48,26.78,40.81,330,352
2026-10-07 00:56:50,26.44,42.47,330,352
2026-10-07 00:56:52,26.2,43.69,330,352
2026-10-07 00:56:54,26.05,44.09,330,352
2026-10-07 00:56:56,25.93,44.21,330,352
2026-10-07 00:56:58,25.86,44.46,330,352
2026-10-07 00:57:00,25.81,44.85,330,352
2026-10-07 00:57:02,25.65,45.06,330,352
2026-10-07 00:57:04,25.65,45.32,330,352
2026-10-07 00:57:06,25.57,45.34,330,352
2026-10-07 00:57:08,25.51,44.97,330,352
2026-10-07 00:57:10,25.44,44.88,330,352
2026-10-07 00:57:12,25.45,44.79,330,352
2026-10-07 00:57:14,25.4,44.77,330,352
2026-10-07 00:57:16,25.41,44.73,330,352
2026-10-07 00:57:18,27.25,44.29,330,352
2026-10-07 00:57:20,27.59,43.18,330,352
2026-10-07 00:57:22,27.8,42.26,330,352
2026-10-07 00:57:24,27.92,41.84,330,352
2026-10-07 00:57:26,28.05,41.3,330,352
2026-10-07 00:57:28,28.17,40.81,330,352
2026-10-07 00:57:30,28.28,40.44,330,352
2026-10-07 00:57:32,28.32,40.12,330,352
2026-10-07 00:57:34,28.38,39.97,330,352
2026-10-07 00:57:36,28.45,39.87,330,352
2026-10-07 00:57:38,28.46,39.87,330,352
2026-10-07 00:57:40,28.55,39.81,330,352
2026-10-07 00:57:42,28.59,39.74,330,352
2026-10-07 00:57:44,28.62,39.7,330,352
2026-10-07 00:57:46,28.66,39.68,330,352
2026-10-07 00:57:48,26.78,40.63,330,352
2026-10-07 00:57:50,26.44,42.49,330,352
2026-10-07 00:57:52,26.25,43.71,330,352
2026-10-07 00:57:54,26.09,44.68,330,352
2026-10-07 00:57:56,25.98,45.35,330,352
2026-10-07 00:57:58,25.88,45.74,330,352
2026-10-07 00:58:00,25.84,46.01,330,352
2026-10-07 00:58:02,25.77,46.24,330,352
2026-10-07 00:58:04,25.67,46.32,330,352
2026-10-07 00:58:06,25.6,46.03,330,352
2026-10-07 00:58:08,25.57,45.95,330,352
2026-10-07 00:58:10,25.5,45.51,330,352
2026-10-07 00:58:12,25.47,45.25,330,352
2026-10-07 00:58:14,25.43,45.16,330,352
2026-10-07 00:58:16,25.35,45.05,330,352
2026-10-07 00:58:18,27.25,44.3,330,352
2026-10-07 00:58:20,27.57,42.56,330,352
2026-10-07 00:58:22,27.76,41.47,330,352
2026-10-07 00:58:24,27.92,40.9,330,352
2026-10-07 00:58:26,28.04,40.49,330,352
2026-10-07 00:58:28,28.15,40.22,330,352
2026-10-07 00:58:30,28.24,40.01,330,352
2026-10-07 00:58:32,28.31,39.88,330,352
2026-10-07 00:58:34,28.36,39.77,330,352
2026-10-07 00:58:36,28.39,39.51,330,352
2026-10-07 00:58:38,28.42,39.14,330,352
2026-10-07 00:58:40,28.48,38.9,330,352
2026-10-07 00:58:42,28.53,38.77,330,352
2026-10-07 00:58:44,28.46,38.46,330,352
2026-10-07 00:58:46,28.45,38.29,330,352
2026-10-07 00:58:48,26.57,39.13,330,352
2026-10-07 00:58:50,26.25,41.01,330,352
2026-10-07 00:58:52,26.02,42.22,330,352
2026-10-07 00:58:54,25.82,43.12,330,352
2026-10-07 00:58:56,25.71,43.34,330,352
2026-10-07 00:58:58,25.58,43.3,330,352
2026-10-07 00:59:00,25.54,43.35,330,352
2026-10-07 00:59:02,25.5,43.65,330,352
2026-10-07 00:59:04,25.47,43.98,330,352
2026-10-07 00:59:06,25.38,44.28,330,352
2026-10-07 00:59:08,25.37,44.52,330,352
2026-10-07 00:59:10,25.33,44.66,330,352
2026-10-07 00:59:12,25.28,44.67,330,352
2026-10-07 00:59:14,25.28,44.68,330,352
2026-10-07 00:59:16,25.24,44.81,330,352
2026-10-07 00:59:18,27.14,43.93,330,352
2026-10-07 00:59:20,27.47,41.84,330,352
2026-10-07 00:59:22,27.67,40.52,330,352
2026-10-07 00:59:24,27.78,39.63,330,352
2026-10-07 00:59:26,27.88,38.98,330,352
2026-10-07 00:59:28,28.01,38.75,330,352
2026-10-07 00:59:30,28.05,38.55,330,352
2026-10-07 00:59:32,28.12,38.5,330,352
2026-10-07 00:59:34,28.15,38.44,330,352
2026-10-07 00:59:36,28.21,38.4,330,352
2026-10-07 00:59:38,28.22,38.38,330,352
2026-10-07 00:59:40,28.21,38.57,330,352
2026-10-07 00:59:42,28.29,38.52,330,352
2026-10-07 00:59:44,28.32,38.45,330,352
2026-10-07 00:59:46,28.32,38.41,330,352
2026-10-07 00:59:48,26.47,39.36,330,352
2026-10-07 00:59:50,26.09,40.98,330,352
2026-10-07 00:59:52,25.89,41.94,330,352
2026-10-07 00:59:54,25.74,42.58,330,352
2026-10-07 00:59:56,25.64,43.09,330,352
2026-10-07 00:59:58,25.51,43.5,330,352
2026-10-07 01:00:00,25.44,43.7,330,352
2026-10-07 01:00:02,25.33,43.94,330,352
2026-10-07 01:00:04,25.27,44.37,330,352
2026-10-07 01:00:06,25.24,44.58,330,352
2026-10-07 01:00:08,25.22,44.71,330,352
2026-10-07 01:00:10,25.19,44.78,330,352
2026-10-07 01:00:12,25.19,44.84,330,352
2026-10-07 01:00:14,25.05,44.75,330,352
2026-10-07 01:00:16,24.99,44.93,330,352
2026-10-07 01:00:18,26.91,44.09,330,352
2026-10-07 01:00:20,27.23,42.07,330,352
2026-10-07 01:00:22,27.43,40.74,330,352
2026-10-07 01:00:24,27.49,39.95,330,352
2026-10-07 01:00:26,27.61,39.55,330,352
2026-10-07 01:00:28,27.64,39.24,330,352
2026-10-07 01:00:30,27.76,39.16,330,352
2026-10-07 01:00:32,27.8,38.91,330,352
2026-10-07 01:00:34,27.77,38.62,330,352
2026-10-07 01:00:36,27.88,38.47,330,352
2026-10-07 01:00:38,27.91,38.41,330,352
2026-10-07 01:00:40,27.97,38.26,330,352
2026-10-07 01:00:42,28.02,38.17,330,352
2026-10-07 01:00:44,28.01,38.07,330,352
2026-10-07 01:00:46,28.04,37.9,330,352
2026-10-07 01:00:48,26.18,38.75,330,352
2026-10-07 01:00:50,25.77,40.46,330,352
2026-10-07 01:00:52,25.51,41.81,330,352
2026-10-07 01:00:54,25.41,42.68,330,352
2026-10-07 01:00:56,25.3,43.12,330,352
2026-10-07 01:00:58,25.12,43.31,330,352
2026-10-07 01:01:00,25.07,43.55,330,352
2026-10-07 01:01:02,24.98,43.84,330,352
2026-10-07 01:01:04,24.89,44.11,330,352
2026-10-07 01:01:06,24.8,44.39,330,352
2026-10-07 01:01:08,24.8,44.57,330,352
2026-10-07 01:01:10,24.79,44.7,330,352
2026-10-07 01:01:12,24.78,44.79,330,352
2026-10-07 01:01:14,24.69,44.76,330,352
2026-10-07 01:01:16,24.69,44.62,330,352
2026-10-07 01:01:18,26.51,43.82,330,352
2026-10-07 01:01:20,26.84,41.98,330,352
2026-10-07 01:01:22,26.99,40.66,330,352
2026-10-07 01:01:24,27.09,39.92,330,352
2026-10-07 01:01:26,27.15,39.52,330,352
2026-10-07 01:01:28,27.18,39.3,330,352
2026-10-07 01:01:30,27.25,39.17,330,352
2026-10-07 01:01:32,27.36,39.02,330,352
2026-10-07 01:01:34,27.32,39.03,330,352
2026-10-07 01:01:36,27.32,39.03,330,352
2026-10-07 01:01:38,27.39,39.07,330,352
2026-10-07 01:01:40,27.43,38.94,330,352
2026-10-07 01:01:42,27.43,38.7,330,352
2026-10-07 01:01:44,27.45,38.56,330,352
2026-10-07 01:01:46,27.49,38.47,330,352
2026-10-07 01:01:48,25.65,39.28,330,352
2026-10-07 01:01:50,25.22,40.96,330,352
2026-10-07 01:01:52,25.06,42.11,330,352
2026-10-07 01:01:54,24.83,42.83,330,352
2026-10-07 01:01:56,24.78,43.4,330,352
2026-10-07 01:01:58,24.72,43.77,330,352
2026-10-07 01:02:00,24.69,43.96,330,352
2026-10-07 01:02:02,24.65,44.07,330,352
2026-10-07 01:02:04,24.61,44.18,330,352
2026-10-07 01:02:06,24.57,44.38,330,352
2026-10-07 01:02:08,24.55,44.58,330,352
2026-10-07 01:02:10,24.48,44.68,330,352
2026-10-07 01:02:12,24.44,44.81,330,352
2026-10-07 01:02:14,24.41,44.9,330,352
2026-10-07 01:02:16,24.37,44.93,330,352
2026-10-07 01:02:18,26.29,44.09,330,352
2026-10-07 01:02:20,26.68,42.14,330,352
2026-10-07 01:02:22,26.88,40.85,330,352
2026-10-07 01:02:24,27.08,40.03,330,352
2026-10-07 01:02:26,27.18,39.44,330,352
2026-10-07 01:02:28,27.19,39.08,330,352
2026-10-07 01:02:30,27.26,38.88,330,352
2026-10-07 01:02:32,27.32,38.83,330,352
2026-10-07 01:02:34,27.39,38.71,330,352
2026-10-07 01:02:36,27.46,38.58,330,352
2026-10-07 01:02:38,27.5,38.47,330,352
2026-10-07 01:02:40,27.56,38.33,330,352
2026-10-07 01:02:42,27.5,38.25,330,352
2026-10-07 01:02:44,27.49,38.26,330,352
2026-10-07 01:02:46,27.47,38.3,330,352
2026-10-07 01:02:48,25.62,39.26,330,352
2026-10-07 01:02:50,25.28,41.01,330,352
2026-10-07 01:02:52,25.1,42.13,330,352
2026-10-07 01:02:54,24.96,42.85,330,352
2026-10-07 01:02:56,24.85,43.23,330,352
2026-10-07 01:02:58,24.79,43.58,330,352
2026-10-07 01:03:00,24.73,43.81,330,352
2026-10-07 01:03:02,24.68,44.02,330,352
2026-10-07 01:03:04,24.65,44.16,330,352
2026-10-07 01:03:06,24.59,44.3,330,352
2026-10-07 01:03:08,24.58,44.41,330,352
2026-10-07 01:03:10,24.55,44.51,330,352
2026-10-07 01:03:12,24.45,44.5,330,352
2026-10-07 01:03:14,24.4,44.5,330,352
2026-10-07 01:03:16,24.4,44.51,330,352
2026-10-07 01:03:18,26.26,43.56,330,352
2026-10-07 01:03:20,26.53,41.6,330,352
2026-10-07 01:03:22,26.8,40.58,330,352
2026-10-07 01:03:24,26.96,39.85,330,352
2026-10-07 01:03:26,27.08,39.45,330,352
2026-10-07 01:03:28,27.09,39.62,330,352
2026-10-07 01:03:30,27.19,39.76,330,352
2026-10-07 01:03:32,27.26,39.54,330,352
2026-10-07 01:03:34,27.27,39.34,330,352
2026-10-07 01:03:36,27.29,39.29,330,352
2026-10-07 01:03:38,27.33,39.16,330,352
2026-10-07 01:03:40,27.36,39.11,330,352
2026-10-07 01:03:42,27.34,39.11,330,352
2026-10-07 01:03:44,27.42,39.13,330,352
2026-10-07 01:03:46,27.42,39.1,330,352
2026-10-07 01:03:48,25.58,40.55,330,352
2026-10-07 01:03:50,25.26,42.77,330,352
2026-10-07 01:03:52,25.06,44.14,330,352
2026-10-07 01:03:54,24.95,44.96,330,352
2026-10-07 01:03:56,24.85,45.21,330,352
2026-10-07 01:03:58,24.76,45.5,330,352
2026-10-07 01:04:00,24.71,45.74,330,352
2026-10-07 01:04:02,24.68,45.96,330,352
2026-10-07 01:04:04,24.59,46.13,341,352
2026-10-07 01:04:06,24.52,46.24,341,352
2026-10-07 01:04:08,24.49,46.39,344,352
2026-10-07 01:04:10,24.47,46.48,348,352
2026-10-07 01:04:12,24.44,46.56,349,352
2026-10-07 01:04:14,24.41,46.63,351,352
2026-10-07 01:04:16,24.38,46.7,353,352
2026-10-07 01:04:18,26.19,45.71,352,352
2026-10-07 01:04:20,26.44,43.96,355,352
2026-10-07 01:04:22,26.64,42.81,356,352
2026-10-07 01:04:24,26.75,42.07,356,352
2026-10-07 01:04:26,26.88,41.59,357,352
2026-10-07 01:04:28,26.94,41.22,357,352
2026-10-07 01:04:30,26.99,40.85,356,352
2026-10-07 01:04:32,27.06,40.69,356,352
2026-10-07 01:04:34,27.12,40.49,356,352
2026-10-07 01:04:36,27.16,40.39,356,352
2026-10-07 01:04:38,27.19,40.28,355,352
2026-10-07 01:04:40,27.22,40.16,356,352
2026-10-07 01:04:42,27.25,40.08,356,352
2026-10-07 01:04:44,27.3,40.08,356,352
2026-10-07 01:04:46,27.34,39.76,355,352
2026-10-07 01:04:48,25.55,40.06,351,352
2026-10-07 01:04:50,25.23,41.0,330,352
2026-10-07 01:04:52,25.03,41.68,330,352
2026-10-07 01:04:54,24.85,42.2,330,352
2026-10-07 01:04:56,24.79,43.37,356,352
2026-10-07 01:04:58,24.71,45.08,359,352
2026-10-07 01:05:00,24.65,46.48,360,352
2026-10-07 01:05:02,24.61,48.43,362,352
2026-10-07 01:05:04,24.51,50.41,361,352
2026-10-07 01:05:06,24.44,48.93,358,352
2026-10-07 01:05:08,24.36,47.39,355,352
2026-10-07 01:05:10,24.34,47.07,353,352
2026-10-07 01:05:12,24.38,48.84,353,352
2026-10-07 01:05:14,24.36,52.34,353,352
2026-10-07 01:05:16,24.37,54.99,356,352
2026-10-07 01:05:18,26.19,56.89,356,352
2026-10-07 01:05:20,26.54,58.01,357,352
2026-10-07 01:05:22,26.98,59.31,360,352
2026-10-07 01:05:24,27.09,59.6,361,352
2026-10-07 01:05:26,27.26,59.91,361,352
2026-10-07 01:05:28,27.49,60.83,361,352
2026-10-07 01:05:30,27.54,60.6,362,352
2026-10-07 01:05:32,27.63,61.0,362,352
2026-10-07 01:05:34,27.77,61.46,362,352
2026-10-07 01:05:36,27.84,62.09,362,353
2026-10-07 01:05:38,27.92,62.39,363,353
2026-10-07 01:05:40,27.98,62.62,363,353
2026-10-07 01:05:42,28.24,62.77,363,353
2026-10-07 01:05:44,28.22,62.28,363,353
2026-10-07 01:05:46,28.33,62.42,363,353
2026-10-07 01:05:48,26.67,63.71,364,353
2026-10-07 01:05:50,26.37,66.37,364,353
2026-10-07 01:05:52,26.19,68.45,364,353
2026-10-07 01:05:54,26.13,69.72,365,353
